,Car Name,Price,Year Model,KMS,Fuel Type,City
0,"['Maruti', 'Suzuki']","[('4,95,000', ',000')]",2016,"['37,919']",['Petrol'],['Hyderabad']
1,"['Maruti', 'Suzuki']","[('3,95,000', ',000')]",2015,"['50,267']",['Petrol'],['Hyderabad']
2,"['Maruti', 'Suzuki']","[('4,40,000', ',000')]",2015,"['50,258']",['Petrol'],['Hyderabad']
3,"['Mercedes-Benz', 'E-Class']","[('14,00,000', ',000')]",2011,"['13,294']",['Diesel'],['Hyderabad']
4,"['Mahindra', 'TUV300']","[('5,90,000', ',000')]",2015,[],['Diesel'],['Hyderabad']
5,"['Mercedes-Benz', 'C-Class']","[('11,30,000', ',000')]",2009,"['53,000']",['Petrol'],['Hyderabad']
6,"['Hyundai', 'Grand']","[('5,75,000', ',000')]",2015,"['53,470']",['Petrol'],['Hyderabad']
7,"['Hyundai', 'Elite']","[('6,75,000', ',000')]",2016,"['88,110']",['Petrol'],['Hyderabad']
8,"['Volkswagen', 'Jetta']","[('7,90,000', ',000')]",2013,"['63,593']",['Diesel'],['Hyderabad']
9,"['Ford', 'EcoSport']","[('6,40,000', ',000')]",2014,"['73,370']",['Diesel'],['Hyderabad']
10,"['Maruti', 'Suzuki']","[('4,25,000', ',000')]",2016,"['60,330']",['Petrol'],['Hyderabad']
11,"['Kia', 'Seltos']","[('13,45,000', ',000')]",2019,"['56,172']",['Diesel'],['Hyderabad']
12,"['Maruti', 'Suzuki']","[('8,25,000', ',000')]",2018,"['67,101']",['Diesel'],['Hyderabad']
13,"['Renault', 'Kwid']","[('3,95,000', ',000')]",2018,"['55,929']",['Petrol'],['Hyderabad']
14,"['Maruti', 'Suzuki']","[('5,80,000', ',000')]",2015,"['87,210']",['Diesel'],['Hyderabad']
15,"['Renault', 'Captur']","[('10,25,000', ',000')]",2018,"['43,400']",['Diesel'],['Hyderabad']
16,"['Honda', 'Jazz']","[('6,30,000', ',000')]",2017,"['27,430']",['Petrol'],['Hyderabad']
17,"['Hyundai', 'Creta']","[('10,25,000', ',000')]",2015,"['68,500']",['Diesel'],['Hyderabad']
18,"['Hyundai', 'Grand']","[('6,50,000', ',000')]",2018,"['36,100']",['Petrol'],['Hyderabad']
19,"['Ford', 'Aspire']","[('5,40,000', ',000')]",2016,"['70,259']",['Diesel'],['Hyderabad']
20,"['Ford', 'Fiesta']","[('3,70,000', ',000')]",2014,"['75,995']",['Diesel'],['Hyderabad']
21,"['Volkswagen', 'Polo']","[('5,40,000', ',000')]",2015,"['76,390']",['Diesel'],['Hyderabad']
22,"['Maruti', 'Suzuki']","[('3,90,000', ',000')]",2014,"['50,460']",['Petrol'],['Hyderabad']
23,"['Hyundai', 'Eon']","[('2,85,000', ',000')]",2013,"['68,758']",['Petrol'],['Hyderabad']
24,"['Audi', 'A4']","[('13,00,000', ',000')]",2011,"['82,838']",['Diesel'],['Hyderabad']
25,"['Tata', 'Tiago']","[('6,32,500', ',500')]",2018,"['29,102']",['Petrol'],['Hyderabad']
26,"['Maruti', 'Suzuki']","[('3,10,500', ',500')]",2009,"['69,298']",['Petrol'],['Hyderabad']
27,"['Hyundai', 'Santro']","[('2,53,000', ',000')]",2008,"['71,954']",['Petrol'],['Hyderabad']
28,"['Maruti', 'Suzuki']","[('8,39,500', ',500')]",2016,"['53,408']",['Petrol'],['Hyderabad']
29,"['Maruti', 'Suzuki']","[('6,10,000', ',000')]",2017,"['61,439']",['Petrol'],['Hyderabad']
30,"['Maruti', 'Suzuki']","[('4,75,000', ',000')]",2017,"['49,608']",['Petrol'],['Hyderabad']
31,"['Hyundai', 'Elite']","[('7,00,000', ',000')]",2015,"['76,747']",['Petrol'],['Hyderabad']
32,"['Hyundai', 'Fluidic']","[('8,30,000', ',000')]",2016,"['17,991']",['Petrol'],['Hyderabad']
33,"['Hyundai', 'Grand']","[('5,75,000', ',000')]",2015,"['53,470']",['Petrol'],['Hyderabad']
34,"['Maruti', 'Suzuki']","[('3,02,400', ',400')]",2012,"['92,940']",['Petrol'],['Hyderabad']
35,"['Maruti', 'Suzuki']","[('4,55,000', ',000')]",2015,"['57,638']",['Petrol'],['Hyderabad']
36,"['Land', 'Rover']","[('79,00,000', ',000')]",2018,"['39,792']",['Petrol'],['Hyderabad']
37,"['Honda', 'CR-V']","[('18,50,000', ',000')]",2017,"['41,000']",['Petrol'],['Hyderabad']
38,"['Toyota', 'Innova']","[('10,20,000', ',000')]",2016,"['67,000']",['Diesel'],['Hyderabad']
39,"['Honda', 'Jazz']","[('7,25,000', ',000')]",2016,"['42,000']",['Petrol'],['Hyderabad']
40,"['Volkswagen', 'Jetta']","[('7,90,000', ',000')]",2013,"['63,593']",['Diesel'],['Hyderabad']
41,"['Ford', 'EcoSport']","[('6,40,000', ',000')]",2014,"['73,370']",['Diesel'],['Hyderabad']
42,"['Maruti', 'Suzuki']","[('4,25,000', ',000')]",2016,"['60,330']",['Petrol'],['Hyderabad']
43,"['Kia', 'Seltos']","[('13,45,000', ',000')]",2019,"['56,172']",['Diesel'],['Hyderabad']
44,"['Maruti', 'Suzuki']","[('8,25,000', ',000')]",2018,"['67,101']",['Diesel'],['Hyderabad']
45,"['Renault', 'Kwid']","[('3,95,000', ',000')]",2018,"['55,929']",['Petrol'],['Hyderabad']
46,"['Maruti', 'Suzuki']","[('5,80,000', ',000')]",2015,"['87,210']",['Diesel'],['Hyderabad']
47,"['Renault', 'Captur']","[('10,25,000', ',000')]",2018,"['43,400']",['Diesel'],['Hyderabad']
48,"['Honda', 'Jazz']","[('6,30,000', ',000')]",2017,"['27,430']",['Petrol'],['Hyderabad']
49,"['Hyundai', 'Creta']","[('10,25,000', ',000')]",2015,"['68,500']",['Diesel'],['Hyderabad']
50,"['Hyundai', 'Grand']","[('6,50,000', ',000')]",2018,"['36,100']",['Petrol'],['Hyderabad']
51,"['Ford', 'Aspire']","[('5,40,000', ',000')]",2016,"['70,259']",['Diesel'],['Hyderabad']
52,"['Ford', 'Fiesta']","[('3,70,000', ',000')]",2014,"['75,995']",['Diesel'],['Hyderabad']
53,"['Volkswagen', 'Polo']","[('5,40,000', ',000')]",2015,"['76,390']",['Diesel'],['Hyderabad']
54,"['Maruti', 'Suzuki']","[('3,90,000', ',000')]",2014,"['50,460']",['Petrol'],['Hyderabad']
55,"['Hyundai', 'Eon']","[('2,85,000', ',000')]",2013,"['68,758']",['Petrol'],['Hyderabad']
56,"['Audi', 'A4']","[('13,00,000', ',000')]",2011,"['82,838']",['Diesel'],['Hyderabad']
57,"['Tata', 'Tiago']","[('6,32,500', ',500')]",2018,"['29,102']",['Petrol'],['Hyderabad']
58,"['Maruti', 'Suzuki']","[('3,10,500', ',500')]",2009,"['69,298']",['Petrol'],['Hyderabad']
59,"['Hyundai', 'Santro']","[('2,53,000', ',000')]",2008,"['71,954']",['Petrol'],['Hyderabad']
60,"['Maruti', 'Suzuki']","[('8,39,500', ',500')]",2016,"['53,408']",['Petrol'],['Hyderabad']
61,"['Maruti', 'Suzuki']","[('6,10,000', ',000')]",2017,"['61,439']",['Petrol'],['Hyderabad']
62,"['Maruti', 'Suzuki']","[('4,75,000', ',000')]",2017,"['49,608']",['Petrol'],['Hyderabad']
63,"['Hyundai', 'Elite']","[('7,00,000', ',000')]",2015,"['76,747']",['Petrol'],['Hyderabad']
64,"['Volkswagen', 'Polo']","[('8,30,000', ',000')]",2017,"['40,909']",['Petrol'],['Hyderabad']
65,"['Tata', 'Bolt']","[('3,00,000', ',000')]",2016,"['05,167']",['Diesel'],['Hyderabad']
66,"['Hyundai', 'Santro']","[('4,80,000', ',000')]",2019,"['72,406']",['Petrol'],['Hyderabad']
67,"['Hyundai', 'Grand']","[('5,75,000', ',000')]",2015,"['53,470']",['Petrol'],['Hyderabad']
68,"['Mahindra', 'TUV300']","[('5,90,000', ',000')]",2016,"['47,500']",['Diesel'],['Hyderabad']
69,"['Maruti', 'Suzuki']","[('4,55,000', ',000')]",2015,"['57,638']",['Petrol'],['Hyderabad']
70,"['Honda', 'Amaze']","[('4,65,000', ',000')]",2015,"['40,000']",['Petrol'],['Hyderabad']
71,"['Honda', 'Jazz']","[('7,25,000', ',000')]",2016,"['34,000']",['Petrol'],['Hyderabad']
72,"['Volkswagen', 'Jetta']","[('7,90,000', ',000')]",2013,"['63,593']",['Diesel'],['Hyderabad']
73,"['Ford', 'EcoSport']","[('6,40,000', ',000')]",2014,"['73,370']",['Diesel'],['Hyderabad']
74,"['Hyundai', 'Grand']","[('6,50,000', ',000')]",2018,"['36,100']",['Petrol'],['Hyderabad']
75,"['Hyundai', 'Eon']","[('2,85,000', ',000')]",2013,"['68,758']",['Petrol'],['Hyderabad']
76,"['Maruti', 'Suzuki']","[('3,90,000', ',000')]",2014,"['50,460']",['Petrol'],['Hyderabad']
77,"['Maruti', 'Suzuki']","[('4,25,000', ',000')]",2016,"['60,330']",['Petrol'],['Hyderabad']
78,"['Kia', 'Seltos']","[('13,45,000', ',000')]",2019,"['56,172']",['Diesel'],['Hyderabad']
79,"['Ford', 'Aspire']","[('5,40,000', ',000')]",2016,"['70,259']",['Diesel'],['Hyderabad']
80,"['Ford', 'Fiesta']","[('3,70,000', ',000')]",2014,"['75,995']",['Diesel'],['Hyderabad']
81,"['Volkswagen', 'Polo']","[('5,40,000', ',000')]",2015,"['76,390']",['Diesel'],['Hyderabad']
82,"['Honda', 'Jazz']","[('6,30,000', ',000')]",2017,"['27,430']",['Petrol'],['Hyderabad']
83,"['Hyundai', 'Creta']","[('10,25,000', ',000')]",2015,"['68,500']",['Diesel'],['Hyderabad']
84,"['Renault', 'Kwid']","[('3,95,000', ',000')]",2018,"['55,929']",['Petrol'],['Hyderabad']
85,"['Maruti', 'Suzuki']","[('8,25,000', ',000')]",2018,"['67,101']",['Diesel'],['Hyderabad']
86,"['Maruti', 'Suzuki']","[('5,80,000', ',000')]",2015,"['87,210']",['Diesel'],['Hyderabad']
87,"['Renault', 'Captur']","[('10,25,000', ',000')]",2018,"['43,400']",['Diesel'],['Hyderabad']
88,"['Audi', 'A4']","[('13,00,000', ',000')]",2011,"['82,838']",['Diesel'],['Hyderabad']
89,"['Tata', 'Tiago']","[('6,32,500', ',500')]",2018,"['29,102']",['Petrol'],['Hyderabad']
90,"['Maruti', 'Suzuki']","[('3,10,500', ',500')]",2009,"['69,298']",['Petrol'],['Hyderabad']
91,"['Maruti', 'Suzuki']","[('8,39,500', ',500')]",2016,"['53,408']",['Petrol'],['Hyderabad']
92,"['Maruti', 'Suzuki']","[('6,10,000', ',000')]",2017,"['61,439']",['Petrol'],['Hyderabad']
93,"['Hyundai', 'Elite']","[('7,00,000', ',000')]",2015,"['76,747']",['Petrol'],['Hyderabad']
94,"['Maruti', 'Suzuki']","[('4,75,000', ',000')]",2017,"['49,608']",['Petrol'],['Hyderabad']
95,"['Maruti', 'Suzuki']","[('3,22,000', ',000')]",2016,"['53,649']",['Petrol'],['Hyderabad']
96,"['Maruti', 'Suzuki']","[('3,02,400', ',400')]",2012,"['92,940']",['Petrol'],['Hyderabad']
97,"['Skoda', 'Superb']","[('16,95,000', ',000')]",2016,"['75,000']",['Petrol'],['Hyderabad']
98,"['Maruti', 'Suzuki']","[('3,95,000', ',000')]",2015,"['50,267']",['Petrol'],['Hyderabad']
99,"['Mahindra', 'TUV300']","[('5,90,000', ',000')]",2015,[],['Diesel'],['Hyderabad']
100,"['Hyundai', 'Creta']","[('12,95,000', ',000')]",2019,"['12,581']",['Petrol'],['Hyderabad']
101,"['Ford', 'EcoSport']","[('9,75,000', ',000')]",2018,"['47,500']",['Petrol'],['Hyderabad']
102,"['Volkswagen', 'Polo']","[('8,30,000', ',000')]",2017,"['40,909']",['Petrol'],['Hyderabad']
103,"['Hyundai', 'Santro']","[('1,75,000', ',000')]",2007,"['47,000']",['Petrol'],['Hyderabad']
104,"['Volkswagen', 'Jetta']","[('7,90,000', ',000')]",2013,"['63,593']",['Diesel'],['Hyderabad']
105,"['Ford', 'EcoSport']","[('6,40,000', ',000')]",2014,"['73,370']",['Diesel'],['Hyderabad']
106,"['Ford', 'Aspire']","[('5,40,000', ',000')]",2016,"['70,259']",['Diesel'],['Hyderabad']
107,"['Ford', 'Fiesta']","[('3,70,000', ',000')]",2014,"['75,995']",['Diesel'],['Hyderabad']
108,"['Volkswagen', 'Polo']","[('5,40,000', ',000')]",2015,"['76,390']",['Diesel'],['Hyderabad']
109,"['Honda', 'Jazz']","[('6,30,000', ',000')]",2017,"['27,430']",['Petrol'],['Hyderabad']
110,"['Hyundai', 'Creta']","[('10,25,000', ',000')]",2015,"['68,500']",['Diesel'],['Hyderabad']
111,"['Maruti', 'Suzuki']","[('4,25,000', ',000')]",2016,"['60,330']",['Petrol'],['Hyderabad']
112,"['Kia', 'Seltos']","[('13,45,000', ',000')]",2019,"['56,172']",['Diesel'],['Hyderabad']
113,"['Hyundai', 'Grand']","[('6,50,000', ',000')]",2018,"['36,100']",['Petrol'],['Hyderabad']
114,"['Maruti', 'Suzuki']","[('3,90,000', ',000')]",2014,"['50,460']",['Petrol'],['Hyderabad']
115,"['Hyundai', 'Eon']","[('2,85,000', ',000')]",2013,"['68,758']",['Petrol'],['Hyderabad']
116,"['Maruti', 'Suzuki']","[('8,25,000', ',000')]",2018,"['67,101']",['Diesel'],['Hyderabad']
117,"['Maruti', 'Suzuki']","[('5,80,000', ',000')]",2015,"['87,210']",['Diesel'],['Hyderabad']
118,"['Renault', 'Kwid']","[('3,95,000', ',000')]",2018,"['55,929']",['Petrol'],['Hyderabad']
119,"['Renault', 'Captur']","[('10,25,000', ',000')]",2018,"['43,400']",['Diesel'],['Hyderabad']
120,"['Audi', 'A4']","[('13,00,000', ',000')]",2011,"['82,838']",['Diesel'],['Hyderabad']
121,"['Tata', 'Tiago']","[('6,32,500', ',500')]",2018,"['29,102']",['Petrol'],['Hyderabad']
122,"['Maruti', 'Suzuki']","[('3,10,500', ',500')]",2009,"['69,298']",['Petrol'],['Hyderabad']
123,"['Hyundai', 'Santro']","[('2,53,000', ',000')]",2008,"['71,954']",['Petrol'],['Hyderabad']
124,"['Maruti', 'Suzuki']","[('8,39,500', ',500')]",2016,"['53,408']",['Petrol'],['Hyderabad']
125,"['Maruti', 'Suzuki']","[('6,10,000', ',000')]",2017,"['61,439']",['Petrol'],['Hyderabad']
126,"['Hyundai', 'Elite']","[('7,00,000', ',000')]",2015,"['76,747']",['Petrol'],['Hyderabad']
127,"['Maruti', 'Suzuki']","[('4,75,000', ',000')]",2017,"['49,608']",['Petrol'],['Hyderabad']
128,"['Toyota', 'Glanza']","[('8,25,000', ',000')]",2019,"['33,000']",['Petrol'],['Hyderabad']
129,"['Honda', 'CR-V']","[('16,50,000', ',000')]",2015,"['52,440']",['Petrol'],['Hyderabad']
130,"['Maruti', 'Suzuki']","[('3,95,000', ',000')]",2015,"['50,267']",['Petrol'],['Hyderabad']
131,"['Toyota', 'Yaris']","[('9,95,000', ',000')]",2018,"['42,444']",['Petrol'],['Hyderabad']
132,"['Volkswagen', 'Polo']","[('8,30,000', ',000')]",2017,"['40,909']",['Petrol'],['Hyderabad']
133,"['Mahindra', 'TUV300']","[('5,90,000', ',000')]",2016,"['47,500']",['Diesel'],['Hyderabad']
134,"['Ford', 'Mustang']","[('75,00,000', ',000')]",2017,"['10,000']",['Petrol'],['Hyderabad']
135,"['Mercedes-Benz', 'E-Class']","[('5,20,000', ',000')]",2008,"['95,000']",['Petrol'],['Hyderabad']
136,"['Volkswagen', 'Jetta']","[('7,90,000', ',000')]",2013,"['63,593']",['Diesel'],['Hyderabad']
137,"['Ford', 'EcoSport']","[('6,40,000', ',000')]",2014,"['73,370']",['Diesel'],['Hyderabad']
138,"['Maruti', 'Suzuki']","[('4,25,000', ',000')]",2016,"['60,330']",['Petrol'],['Hyderabad']
139,"['Kia', 'Seltos']","[('13,45,000', ',000')]",2019,"['56,172']",['Diesel'],['Hyderabad']
140,"['Maruti', 'Suzuki']","[('8,25,000', ',000')]",2018,"['67,101']",['Diesel'],['Hyderabad']
141,"['Renault', 'Kwid']","[('3,95,000', ',000')]",2018,"['55,929']",['Petrol'],['Hyderabad']
142,"['Maruti', 'Suzuki']","[('5,80,000', ',000')]",2015,"['87,210']",['Diesel'],['Hyderabad']
143,"['Renault', 'Captur']","[('10,25,000', ',000')]",2018,"['43,400']",['Diesel'],['Hyderabad']
144,"['Honda', 'Jazz']","[('6,30,000', ',000')]",2017,"['27,430']",['Petrol'],['Hyderabad']
145,"['Hyundai', 'Creta']","[('10,25,000', ',000')]",2015,"['68,500']",['Diesel'],['Hyderabad']
146,"['Hyundai', 'Grand']","[('6,50,000', ',000')]",2018,"['36,100']",['Petrol'],['Hyderabad']
147,"['Ford', 'Aspire']","[('5,40,000', ',000')]",2016,"['70,259']",['Diesel'],['Hyderabad']
148,"['Ford', 'Fiesta']","[('3,70,000', ',000')]",2014,"['75,995']",['Diesel'],['Hyderabad']
149,"['Volkswagen', 'Polo']","[('5,40,000', ',000')]",2015,"['76,390']",['Diesel'],['Hyderabad']
150,"['Maruti', 'Suzuki']","[('3,90,000', ',000')]",2014,"['50,460']",['Petrol'],['Hyderabad']
151,"['Hyundai', 'Eon']","[('2,85,000', ',000')]",2013,"['68,758']",['Petrol'],['Hyderabad']
152,"['Audi', 'A4']","[('13,00,000', ',000')]",2011,"['82,838']",['Diesel'],['Hyderabad']
153,"['Tata', 'Tiago']","[('6,32,500', ',500')]",2018,"['29,102']",['Petrol'],['Hyderabad']
154,"['Maruti', 'Suzuki']","[('3,10,500', ',500')]",2009,"['69,298']",['Petrol'],['Hyderabad']
155,"['Hyundai', 'Santro']","[('2,53,000', ',000')]",2008,"['71,954']",['Petrol'],['Hyderabad']
156,"['Maruti', 'Suzuki']","[('8,39,500', ',500')]",2016,"['53,408']",['Petrol'],['Hyderabad']
157,"['Maruti', 'Suzuki']","[('6,10,000', ',000')]",2017,"['61,439']",['Petrol'],['Hyderabad']
158,"['Maruti', 'Suzuki']","[('4,75,000', ',000')]",2017,"['49,608']",['Petrol'],['Hyderabad']
159,"['Hyundai', 'Elite']","[('7,00,000', ',000')]",2015,"['76,747']",['Petrol'],['Hyderabad']
160,"['Honda', 'CR-V']","[('17,50,000', ',000')]",2015,"['31,000']",['Petrol'],['Hyderabad']
161,"['Mahindra', 'TUV300']","[('5,90,000', ',000')]",2016,"['47,500']",['Diesel'],['Hyderabad']
162,"['Honda', 'CR-V']","[('16,50,000', ',000')]",2015,"['52,440']",['Petrol'],['Hyderabad']
163,"['Hyundai', 'Grand']","[('6,50,000', ',000')]",2018,"['36,100']",['Petrol'],['Hyderabad']
164,"['Mercedes-Benz', 'GLA']","[('69,00,000', ',000')]",2021,"['1,500']",['Petrol'],['Hyderabad']
165,"['Maruti', 'Suzuki']","[('4,95,000', ',000')]",2016,"['37,919']",['Petrol'],['Hyderabad']
166,"['Mercedes-Benz', 'E-Class']","[('5,20,000', ',000')]",2008,"['95,000']",['Petrol'],['Hyderabad']
167,"['Hyundai', 'Getz']","[('2,50,000', ',000')]",2008,"['63,000']",['Petrol'],['Hyderabad']
168,"['Volkswagen', 'Jetta']","[('7,90,000', ',000')]",2013,"['63,593']",['Diesel'],['Hyderabad']
169,"['Ford', 'EcoSport']","[('6,40,000', ',000')]",2014,"['73,370']",['Diesel'],['Hyderabad']
170,"['Hyundai', 'Eon']","[('2,85,000', ',000')]",2013,"['68,758']",['Petrol'],['Hyderabad']
171,"['Maruti', 'Suzuki']","[('3,90,000', ',000')]",2014,"['50,460']",['Petrol'],['Hyderabad']
172,"['Maruti', 'Suzuki']","[('4,25,000', ',000')]",2016,"['60,330']",['Petrol'],['Hyderabad']
173,"['Kia', 'Seltos']","[('13,45,000', ',000')]",2019,"['56,172']",['Diesel'],['Hyderabad']
174,"['Ford', 'Aspire']","[('5,40,000', ',000')]",2016,"['70,259']",['Diesel'],['Hyderabad']
175,"['Ford', 'Fiesta']","[('3,70,000', ',000')]",2014,"['75,995']",['Diesel'],['Hyderabad']
176,"['Volkswagen', 'Polo']","[('5,40,000', ',000')]",2015,"['76,390']",['Diesel'],['Hyderabad']
177,"['Honda', 'Jazz']","[('6,30,000', ',000')]",2017,"['27,430']",['Petrol'],['Hyderabad']
178,"['Hyundai', 'Creta']","[('10,25,000', ',000')]",2015,"['68,500']",['Diesel'],['Hyderabad']
179,"['Renault', 'Kwid']","[('3,95,000', ',000')]",2018,"['55,929']",['Petrol'],['Hyderabad']
180,"['Maruti', 'Suzuki']","[('8,25,000', ',000')]",2018,"['67,101']",['Diesel'],['Hyderabad']
181,"['Maruti', 'Suzuki']","[('5,80,000', ',000')]",2015,"['87,210']",['Diesel'],['Hyderabad']
182,"['Renault', 'Captur']","[('10,25,000', ',000')]",2018,"['43,400']",['Diesel'],['Hyderabad']
183,"['Audi', 'A4']","[('13,00,000', ',000')]",2011,"['82,838']",['Diesel'],['Hyderabad']
184,"['Tata', 'Tiago']","[('6,32,500', ',500')]",2018,"['29,102']",['Petrol'],['Hyderabad']
185,"['Maruti', 'Suzuki']","[('3,10,500', ',500')]",2009,"['69,298']",['Petrol'],['Hyderabad']
186,"['Maruti', 'Suzuki']","[('8,39,500', ',500')]",2016,"['53,408']",['Petrol'],['Hyderabad']
187,"['Maruti', 'Suzuki']","[('6,10,000', ',000')]",2017,"['61,439']",['Petrol'],['Hyderabad']
188,"['Hyundai', 'Elite']","[('7,00,000', ',000')]",2015,"['76,747']",['Petrol'],['Hyderabad']
189,"['Maruti', 'Suzuki']","[('4,75,000', ',000')]",2017,"['49,608']",['Petrol'],['Hyderabad']
190,"['Maruti', 'Suzuki']","[('3,22,000', ',000')]",2016,"['53,649']",['Petrol'],['Hyderabad']
191,"['Maruti', 'Suzuki']","[('9,07,200', ',200')]",2020,"['9,771']",['Petrol'],['Hyderabad']
192,"['Volkswagen', 'Polo']","[('8,30,000', ',000')]",2017,"['40,909']",['Petrol'],['Hyderabad']
193,"['Ford', 'Mustang']","[('75,00,000', ',000')]",2017,"['10,000']",['Petrol'],['Hyderabad']
194,"['Maruti', 'Suzuki']","[('4,95,000', ',000')]",2016,"['37,919']",['Petrol'],['Hyderabad']
195,"['Mercedes-Benz', 'C-Class']","[('11,30,000', ',000')]",2009,"['53,000']",['Petrol'],['Hyderabad']
196,"['Honda', 'CR-V']","[('16,50,000', ',000')]",2015,"['52,440']",['Petrol'],['Hyderabad']
197,"['Hyundai', 'Creta']","[('11,60,000', ',000')]",2016,"['56,785']",['Diesel'],['Hyderabad']
198,"['Porsche', 'Cayenne']","[('16,00,000', ',000')]",2008,"['02,000']",['Petrol'],['Hyderabad']
199,"['Volkswagen', 'Jetta']","[('7,90,000', ',000')]",2013,"['63,593']",['Diesel'],['Hyderabad']
200,"['Ford', 'EcoSport']","[('6,40,000', ',000')]",2014,"['73,370']",['Diesel'],['Hyderabad']
201,"['Maruti', 'Suzuki']","[('4,25,000', ',000')]",2016,"['60,330']",['Petrol'],['Hyderabad']
202,"['Kia', 'Seltos']","[('13,45,000', ',000')]",2019,"['56,172']",['Diesel'],['Hyderabad']
203,"['Maruti', 'Suzuki']","[('8,25,000', ',000')]",2018,"['67,101']",['Diesel'],['Hyderabad']
204,"['Renault', 'Kwid']","[('3,95,000', ',000')]",2018,"['55,929']",['Petrol'],['Hyderabad']
205,"['Maruti', 'Suzuki']","[('5,80,000', ',000')]",2015,"['87,210']",['Diesel'],['Hyderabad']
206,"['Renault', 'Captur']","[('10,25,000', ',000')]",2018,"['43,400']",['Diesel'],['Hyderabad']
207,"['Honda', 'Jazz']","[('6,30,000', ',000')]",2017,"['27,430']",['Petrol'],['Hyderabad']
208,"['Hyundai', 'Creta']","[('10,25,000', ',000')]",2015,"['68,500']",['Diesel'],['Hyderabad']
209,"['Hyundai', 'Grand']","[('6,50,000', ',000')]",2018,"['36,100']",['Petrol'],['Hyderabad']
210,"['Ford', 'Aspire']","[('5,40,000', ',000')]",2016,"['70,259']",['Diesel'],['Hyderabad']
211,"['Ford', 'Fiesta']","[('3,70,000', ',000')]",2014,"['75,995']",['Diesel'],['Hyderabad']
212,"['Volkswagen', 'Polo']","[('5,40,000', ',000')]",2015,"['76,390']",['Diesel'],['Hyderabad']
213,"['Maruti', 'Suzuki']","[('3,90,000', ',000')]",2014,"['50,460']",['Petrol'],['Hyderabad']
214,"['Hyundai', 'Eon']","[('2,85,000', ',000')]",2013,"['68,758']",['Petrol'],['Hyderabad']
215,"['Audi', 'A4']","[('13,00,000', ',000')]",2011,"['82,838']",['Diesel'],['Hyderabad']
216,"['Tata', 'Tiago']","[('6,32,500', ',500')]",2018,"['29,102']",['Petrol'],['Hyderabad']
217,"['Maruti', 'Suzuki']","[('3,10,500', ',500')]",2009,"['69,298']",['Petrol'],['Hyderabad']
218,"['Hyundai', 'Santro']","[('2,53,000', ',000')]",2008,"['71,954']",['Petrol'],['Hyderabad']
219,"['Maruti', 'Suzuki']","[('8,39,500', ',500')]",2016,"['53,408']",['Petrol'],['Hyderabad']
220,"['Maruti', 'Suzuki']","[('6,10,000', ',000')]",2017,"['61,439']",['Petrol'],['Hyderabad']
221,"['Maruti', 'Suzuki']","[('4,75,000', ',000')]",2017,"['49,608']",['Petrol'],['Hyderabad']
222,"['Hyundai', 'Elite']","[('7,00,000', ',000')]",2015,"['76,747']",['Petrol'],['Hyderabad']
223,"['Maruti', 'Suzuki']","[('3,95,000', ',000')]",2015,"['50,267']",['Petrol'],['Hyderabad']
224,"['Maruti', 'Suzuki']","[('4,55,000', ',000')]",2015,"['57,638']",['Petrol'],['Hyderabad']
225,"['Maruti', 'Suzuki']","[('3,02,400', ',400')]",2012,"['92,940']",['Petrol'],['Hyderabad']
226,"['Toyota', 'Yaris']","[('9,95,000', ',000')]",2018,"['42,444']",['Petrol'],['Hyderabad']
227,"['Mahindra', 'TUV300']","[('5,90,000', ',000')]",2015,[],['Diesel'],['Hyderabad']
228,"['Mercedes-Benz', 'AMG']","[('54,50,000', ',000')]",2021,"['1,500']",['Petrol'],['Hyderabad']
229,"['Skoda', 'Superb']","[('19,75,000', ',000')]",2016,"['67,000']",['Petrol'],['Hyderabad']
230,"['Honda', 'Jazz']","[('7,25,000', ',000')]",2016,"['34,000']",['Petrol'],['Hyderabad']
231,"['Volkswagen', 'Jetta']","[('7,90,000', ',000')]",2013,"['63,593']",['Diesel'],['Hyderabad']
232,"['Ford', 'EcoSport']","[('6,40,000', ',000')]",2014,"['73,370']",['Diesel'],['Hyderabad']
233,"['Ford', 'Aspire']","[('5,40,000', ',000')]",2016,"['70,259']",['Diesel'],['Hyderabad']
234,"['Ford', 'Fiesta']","[('3,70,000', ',000')]",2014,"['75,995']",['Diesel'],['Hyderabad']
235,"['Volkswagen', 'Polo']","[('5,40,000', ',000')]",2015,"['76,390']",['Diesel'],['Hyderabad']
236,"['Honda', 'Jazz']","[('6,30,000', ',000')]",2017,"['27,430']",['Petrol'],['Hyderabad']
237,"['Hyundai', 'Creta']","[('10,25,000', ',000')]",2015,"['68,500']",['Diesel'],['Hyderabad']
238,"['Maruti', 'Suzuki']","[('4,25,000', ',000')]",2016,"['60,330']",['Petrol'],['Hyderabad']
239,"['Kia', 'Seltos']","[('13,45,000', ',000')]",2019,"['56,172']",['Diesel'],['Hyderabad']
240,"['Hyundai', 'Grand']","[('6,50,000', ',000')]",2018,"['36,100']",['Petrol'],['Hyderabad']
241,"['Maruti', 'Suzuki']","[('3,90,000', ',000')]",2014,"['50,460']",['Petrol'],['Hyderabad']
242,"['Hyundai', 'Eon']","[('2,85,000', ',000')]",2013,"['68,758']",['Petrol'],['Hyderabad']
243,"['Maruti', 'Suzuki']","[('8,25,000', ',000')]",2018,"['67,101']",['Diesel'],['Hyderabad']
244,"['Maruti', 'Suzuki']","[('5,80,000', ',000')]",2015,"['87,210']",['Diesel'],['Hyderabad']
245,"['Renault', 'Kwid']","[('3,95,000', ',000')]",2018,"['55,929']",['Petrol'],['Hyderabad']
246,"['Renault', 'Captur']","[('10,25,000', ',000')]",2018,"['43,400']",['Diesel'],['Hyderabad']
247,"['Audi', 'A4']","[('13,00,000', ',000')]",2011,"['82,838']",['Diesel'],['Hyderabad']
248,"['Tata', 'Tiago']","[('6,32,500', ',500')]",2018,"['29,102']",['Petrol'],['Hyderabad']
249,"['Maruti', 'Suzuki']","[('3,10,500', ',500')]",2009,"['69,298']",['Petrol'],['Hyderabad']
250,"['Hyundai', 'Santro']","[('2,53,000', ',000')]",2008,"['71,954']",['Petrol'],['Hyderabad']
251,"['Maruti', 'Suzuki']","[('8,39,500', ',500')]",2016,"['53,408']",['Petrol'],['Hyderabad']
252,"['Maruti', 'Suzuki']","[('6,10,000', ',000')]",2017,"['61,439']",['Petrol'],['Hyderabad']
253,"['Hyundai', 'Elite']","[('7,00,000', ',000')]",2015,"['76,747']",['Petrol'],['Hyderabad']
254,"['Maruti', 'Suzuki']","[('4,75,000', ',000')]",2017,"['49,608']",['Petrol'],['Hyderabad']
255,"['Honda', 'CR-V']","[('16,50,000', ',000')]",2015,"['52,440']",['Petrol'],['Hyderabad']
256,"['Porsche', 'Cayenne']","[('16,00,000', ',000')]",2008,"['02,000']",['Petrol'],['Hyderabad']
257,"['Maruti', 'Suzuki']","[('4,95,000', ',000')]",2016,"['37,919']",['Petrol'],['Hyderabad']
258,"['Mercedes-Benz', 'C-Class']","[('11,30,000', ',000')]",2009,"['53,000']",['Petrol'],['Hyderabad']
259,"['Mahindra', 'TUV300']","[('5,90,000', ',000')]",2015,[],['Diesel'],['Hyderabad']
260,"['Hyundai', 'Elite']","[('6,75,000', ',000')]",2016,"['88,110']",['Petrol'],['Hyderabad']
261,"['Maruti', 'Suzuki']","[('7,95,000', ',000')]",2018,"['36,238']",['Petrol'],['Hyderabad']
262,"['Datsun', 'GO']","[('3,25,000', ',000')]",2017,"['38,152']",['Petrol'],['Hyderabad']
263,"['Volkswagen', 'Jetta']","[('7,90,000', ',000')]",2013,"['63,593']",['Diesel'],['Hyderabad']
264,"['Ford', 'EcoSport']","[('6,40,000', ',000')]",2014,"['73,370']",['Diesel'],['Hyderabad']
265,"['Maruti', 'Suzuki']","[('4,25,000', ',000')]",2016,"['60,330']",['Petrol'],['Hyderabad']
266,"['Kia', 'Seltos']","[('13,45,000', ',000')]",2019,"['56,172']",['Diesel'],['Hyderabad']
267,"['Maruti', 'Suzuki']","[('8,25,000', ',000')]",2018,"['67,101']",['Diesel'],['Hyderabad']
268,"['Renault', 'Kwid']","[('3,95,000', ',000')]",2018,"['55,929']",['Petrol'],['Hyderabad']
269,"['Maruti', 'Suzuki']","[('5,80,000', ',000')]",2015,"['87,210']",['Diesel'],['Hyderabad']
270,"['Renault', 'Captur']","[('10,25,000', ',000')]",2018,"['43,400']",['Diesel'],['Hyderabad']
271,"['Honda', 'Jazz']","[('6,30,000', ',000')]",2017,"['27,430']",['Petrol'],['Hyderabad']
272,"['Hyundai', 'Creta']","[('10,25,000', ',000')]",2015,"['68,500']",['Diesel'],['Hyderabad']
273,"['Hyundai', 'Grand']","[('6,50,000', ',000')]",2018,"['36,100']",['Petrol'],['Hyderabad']
274,"['Ford', 'Aspire']","[('5,40,000', ',000')]",2016,"['70,259']",['Diesel'],['Hyderabad']
275,"['Ford', 'Fiesta']","[('3,70,000', ',000')]",2014,"['75,995']",['Diesel'],['Hyderabad']
276,"['Volkswagen', 'Polo']","[('5,40,000', ',000')]",2015,"['76,390']",['Diesel'],['Hyderabad']
277,"['Maruti', 'Suzuki']","[('3,90,000', ',000')]",2014,"['50,460']",['Petrol'],['Hyderabad']
278,"['Hyundai', 'Eon']","[('2,85,000', ',000')]",2013,"['68,758']",['Petrol'],['Hyderabad']
279,"['Audi', 'A4']","[('13,00,000', ',000')]",2011,"['82,838']",['Diesel'],['Hyderabad']
280,"['Tata', 'Tiago']","[('6,32,500', ',500')]",2018,"['29,102']",['Petrol'],['Hyderabad']
281,"['Maruti', 'Suzuki']","[('3,10,500', ',500')]",2009,"['69,298']",['Petrol'],['Hyderabad']
282,"['Hyundai', 'Santro']","[('2,53,000', ',000')]",2008,"['71,954']",['Petrol'],['Hyderabad']
283,"['Maruti', 'Suzuki']","[('8,39,500', ',500')]",2016,"['53,408']",['Petrol'],['Hyderabad']
284,"['Maruti', 'Suzuki']","[('6,10,000', ',000')]",2017,"['61,439']",['Petrol'],['Hyderabad']
285,"['Maruti', 'Suzuki']","[('4,75,000', ',000')]",2017,"['49,608']",['Petrol'],['Hyderabad']
286,"['Hyundai', 'Elite']","[('7,00,000', ',000')]",2015,"['76,747']",['Petrol'],['Hyderabad']
287,"['Porsche', 'Cayenne']","[('16,00,000', ',000')]",2008,"['02,000']",['Petrol'],['Hyderabad']
288,"['Hyundai', 'Elite']","[('6,75,000', ',000')]",2016,"['88,110']",['Petrol'],['Hyderabad']
289,"['Mercedes-Benz', 'GLA']","[('31,50,000', ',000')]",2018,"['28,123']",['Diesel'],['Hyderabad']
290,"['Maruti', 'Suzuki']","[('3,75,000', ',000')]",2014,"['24,500']",['Petrol'],['Hyderabad']
291,"['Volkswagen', 'Polo']","[('8,30,000', ',000')]",2017,"['40,909']",['Petrol'],['Hyderabad']
292,"['Maruti', 'Suzuki']","[('9,07,200', ',200')]",2020,"['9,771']",['Petrol'],['Hyderabad']
293,"['Maruti', 'Suzuki']","[('3,02,400', ',400')]",2012,"['92,940']",['Petrol'],['Hyderabad']
294,"['Jeep', 'Compass']","[('19,50,000', ',000')]",2017,"['21,000']",['Petrol'],['Hyderabad']
295,"['Volkswagen', 'Jetta']","[('7,90,000', ',000')]",2013,"['63,593']",['Diesel'],['Hyderabad']
296,"['Ford', 'EcoSport']","[('6,40,000', ',000')]",2014,"['73,370']",['Diesel'],['Hyderabad']
297,"['Maruti', 'Suzuki']","[('4,25,000', ',000')]",2016,"['60,330']",['Petrol'],['Hyderabad']
298,"['Kia', 'Seltos']","[('13,45,000', ',000')]",2019,"['56,172']",['Diesel'],['Hyderabad']
299,"['Maruti', 'Suzuki']","[('8,25,000', ',000')]",2018,"['67,101']",['Diesel'],['Hyderabad']
300,"['Renault', 'Kwid']","[('3,95,000', ',000')]",2018,"['55,929']",['Petrol'],['Hyderabad']
301,"['Maruti', 'Suzuki']","[('5,80,000', ',000')]",2015,"['87,210']",['Diesel'],['Hyderabad']
302,"['Renault', 'Captur']","[('10,25,000', ',000')]",2018,"['43,400']",['Diesel'],['Hyderabad']
303,"['Honda', 'Jazz']","[('6,30,000', ',000')]",2017,"['27,430']",['Petrol'],['Hyderabad']
304,"['Hyundai', 'Creta']","[('10,25,000', ',000')]",2015,"['68,500']",['Diesel'],['Hyderabad']
305,"['Hyundai', 'Grand']","[('6,50,000', ',000')]",2018,"['36,100']",['Petrol'],['Hyderabad']
306,"['Ford', 'Aspire']","[('5,40,000', ',000')]",2016,"['70,259']",['Diesel'],['Hyderabad']
307,"['Ford', 'Fiesta']","[('3,70,000', ',000')]",2014,"['75,995']",['Diesel'],['Hyderabad']
308,"['Volkswagen', 'Polo']","[('5,40,000', ',000')]",2015,"['76,390']",['Diesel'],['Hyderabad']
309,"['Maruti', 'Suzuki']","[('3,90,000', ',000')]",2014,"['50,460']",['Petrol'],['Hyderabad']
310,"['Hyundai', 'Eon']","[('2,85,000', ',000')]",2013,"['68,758']",['Petrol'],['Hyderabad']
311,"['Audi', 'A4']","[('13,00,000', ',000')]",2011,"['82,838']",['Diesel'],['Hyderabad']
312,"['Tata', 'Tiago']","[('6,32,500', ',500')]",2018,"['29,102']",['Petrol'],['Hyderabad']
313,"['Maruti', 'Suzuki']","[('3,10,500', ',500')]",2009,"['69,298']",['Petrol'],['Hyderabad']
314,"['Hyundai', 'Santro']","[('2,53,000', ',000')]",2008,"['71,954']",['Petrol'],['Hyderabad']
315,"['Maruti', 'Suzuki']","[('8,39,500', ',500')]",2016,"['53,408']",['Petrol'],['Hyderabad']
316,"['Maruti', 'Suzuki']","[('6,10,000', ',000')]",2017,"['61,439']",['Petrol'],['Hyderabad']
317,"['Maruti', 'Suzuki']","[('4,75,000', ',000')]",2017,"['49,608']",['Petrol'],['Hyderabad']
318,"['Hyundai', 'Elite']","[('7,00,000', ',000')]",2015,"['76,747']",['Petrol'],['Hyderabad']
319,"['Maruti', 'Suzuki']","[('1,50,000', ',000')]",2008,"['81,000']",['Petrol'],['Hyderabad']
320,"['Nissan', 'Teana']","[('4,75,000', ',000')]",2007,"['63,900']",['Petrol'],['Hyderabad']
321,"['Mercedes-Benz', 'E-Class']","[('5,20,000', ',000')]",2008,"['95,000']",['Petrol'],['Hyderabad']
322,"['Hyundai', 'Elite']","[('6,75,000', ',000')]",2016,"['88,110']",['Petrol'],['Hyderabad']
323,"['Mercedes-Benz', 'AMG']","[('54,50,000', ',000')]",2021,"['1,500']",['Petrol'],['Hyderabad']
324,"['Maruti', 'Suzuki']","[('9,07,200', ',200')]",2020,"['9,771']",['Petrol'],['Hyderabad']
325,"['Audi', 'TT']","[('57,00,000', ',000')]",2019,"['4,000']",['Petrol'],['Hyderabad']
326,"['Mercedes-Benz', 'GLA']","[('69,00,000', ',000')]",2021,"['1,500']",['Petrol'],['Hyderabad']
327,"['Volkswagen', 'Jetta']","[('7,90,000', ',000')]",2013,"['63,593']",['Diesel'],['Hyderabad']
328,"['Ford', 'EcoSport']","[('6,40,000', ',000')]",2014,"['73,370']",['Diesel'],['Hyderabad']
329,"['Ford', 'Aspire']","[('5,40,000', ',000')]",2016,"['70,259']",['Diesel'],['Hyderabad']
330,"['Ford', 'Fiesta']","[('3,70,000', ',000')]",2014,"['75,995']",['Diesel'],['Hyderabad']
331,"['Volkswagen', 'Polo']","[('5,40,000', ',000')]",2015,"['76,390']",['Diesel'],['Hyderabad']
332,"['Honda', 'Jazz']","[('6,30,000', ',000')]",2017,"['27,430']",['Petrol'],['Hyderabad']
333,"['Hyundai', 'Creta']","[('10,25,000', ',000')]",2015,"['68,500']",['Diesel'],['Hyderabad']
334,"['Maruti', 'Suzuki']","[('4,25,000', ',000')]",2016,"['60,330']",['Petrol'],['Hyderabad']
335,"['Kia', 'Seltos']","[('13,45,000', ',000')]",2019,"['56,172']",['Diesel'],['Hyderabad']
336,"['Hyundai', 'Grand']","[('6,50,000', ',000')]",2018,"['36,100']",['Petrol'],['Hyderabad']
337,"['Maruti', 'Suzuki']","[('3,90,000', ',000')]",2014,"['50,460']",['Petrol'],['Hyderabad']
338,"['Hyundai', 'Eon']","[('2,85,000', ',000')]",2013,"['68,758']",['Petrol'],['Hyderabad']
339,"['Maruti', 'Suzuki']","[('8,25,000', ',000')]",2018,"['67,101']",['Diesel'],['Hyderabad']
340,"['Maruti', 'Suzuki']","[('5,80,000', ',000')]",2015,"['87,210']",['Diesel'],['Hyderabad']
341,"['Renault', 'Kwid']","[('3,95,000', ',000')]",2018,"['55,929']",['Petrol'],['Hyderabad']
342,"['Renault', 'Captur']","[('10,25,000', ',000')]",2018,"['43,400']",['Diesel'],['Hyderabad']
343,"['Audi', 'A4']","[('13,00,000', ',000')]",2011,"['82,838']",['Diesel'],['Hyderabad']
344,"['Tata', 'Tiago']","[('6,32,500', ',500')]",2018,"['29,102']",['Petrol'],['Hyderabad']
345,"['Maruti', 'Suzuki']","[('3,10,500', ',500')]",2009,"['69,298']",['Petrol'],['Hyderabad']
346,"['Hyundai', 'Santro']","[('2,53,000', ',000')]",2008,"['71,954']",['Petrol'],['Hyderabad']
347,"['Maruti', 'Suzuki']","[('8,39,500', ',500')]",2016,"['53,408']",['Petrol'],['Hyderabad']
348,"['Maruti', 'Suzuki']","[('6,10,000', ',000')]",2017,"['61,439']",['Petrol'],['Hyderabad']
349,"['Hyundai', 'Elite']","[('7,00,000', ',000')]",2015,"['76,747']",['Petrol'],['Hyderabad']
350,"['Maruti', 'Suzuki']","[('4,75,000', ',000')]",2017,"['49,608']",['Petrol'],['Hyderabad']
351,"['Hyundai', 'Santro']","[('2,50,000', ',000')]",2007,"['76,000']",['Petrol'],['Hyderabad']
352,"['Toyota', 'Yaris']","[('9,95,000', ',000')]",2018,"['42,444']",['Petrol'],['Hyderabad']
353,"['Jeep', 'Compass']","[('19,50,000', ',000')]",2017,"['21,000']",['Petrol'],['Hyderabad']
354,"['Maruti', 'Suzuki']","[('4,40,000', ',000')]",2015,"['50,258']",['Petrol'],['Hyderabad']
355,"['Toyota', 'Innova']","[('10,20,000', ',000')]",2016,"['67,000']",['Diesel'],['Hyderabad']
356,"['Ford', 'Mustang']","[('75,00,000', ',000')]",2017,"['10,000']",['Petrol'],['Hyderabad']
357,"['Mahindra', 'TUV300']","[('5,90,000', ',000')]",2015,[],['Diesel'],['Hyderabad']
358,"['Porsche', 'Cayenne']","[('16,00,000', ',000')]",2008,"['02,000']",['Petrol'],['Hyderabad']
359,"['Volkswagen', 'Jetta']","[('7,90,000', ',000')]",2013,"['63,593']",['Diesel'],['Hyderabad']
360,"['Ford', 'EcoSport']","[('6,40,000', ',000')]",2014,"['73,370']",['Diesel'],['Hyderabad']
361,"['Maruti', 'Suzuki']","[('4,25,000', ',000')]",2016,"['60,330']",['Petrol'],['Hyderabad']
362,"['Kia', 'Seltos']","[('13,45,000', ',000')]",2019,"['56,172']",['Diesel'],['Hyderabad']
363,"['Maruti', 'Suzuki']","[('8,25,000', ',000')]",2018,"['67,101']",['Diesel'],['Hyderabad']
364,"['Renault', 'Kwid']","[('3,95,000', ',000')]",2018,"['55,929']",['Petrol'],['Hyderabad']
365,"['Maruti', 'Suzuki']","[('5,80,000', ',000')]",2015,"['87,210']",['Diesel'],['Hyderabad']
366,"['Renault', 'Captur']","[('10,25,000', ',000')]",2018,"['43,400']",['Diesel'],['Hyderabad']
367,"['Honda', 'Jazz']","[('6,30,000', ',000')]",2017,"['27,430']",['Petrol'],['Hyderabad']
368,"['Hyundai', 'Creta']","[('10,25,000', ',000')]",2015,"['68,500']",['Diesel'],['Hyderabad']
369,"['Hyundai', 'Grand']","[('6,50,000', ',000')]",2018,"['36,100']",['Petrol'],['Hyderabad']
370,"['Ford', 'Aspire']","[('5,40,000', ',000')]",2016,"['70,259']",['Diesel'],['Hyderabad']
371,"['Ford', 'Fiesta']","[('3,70,000', ',000')]",2014,"['75,995']",['Diesel'],['Hyderabad']
372,"['Volkswagen', 'Polo']","[('5,40,000', ',000')]",2015,"['76,390']",['Diesel'],['Hyderabad']
373,"['Maruti', 'Suzuki']","[('3,90,000', ',000')]",2014,"['50,460']",['Petrol'],['Hyderabad']
374,"['Hyundai', 'Eon']","[('2,85,000', ',000')]",2013,"['68,758']",['Petrol'],['Hyderabad']
375,"['Audi', 'A4']","[('13,00,000', ',000')]",2011,"['82,838']",['Diesel'],['Hyderabad']
376,"['Tata', 'Tiago']","[('6,32,500', ',500')]",2018,"['29,102']",['Petrol'],['Hyderabad']
377,"['Maruti', 'Suzuki']","[('3,10,500', ',500')]",2009,"['69,298']",['Petrol'],['Hyderabad']
378,"['Hyundai', 'Santro']","[('2,53,000', ',000')]",2008,"['71,954']",['Petrol'],['Hyderabad']
379,"['Maruti', 'Suzuki']","[('8,39,500', ',500')]",2016,"['53,408']",['Petrol'],['Hyderabad']
380,"['Maruti', 'Suzuki']","[('6,10,000', ',000')]",2017,"['61,439']",['Petrol'],['Hyderabad']
381,"['Maruti', 'Suzuki']","[('4,75,000', ',000')]",2017,"['49,608']",['Petrol'],['Hyderabad']
382,"['Hyundai', 'Elite']","[('7,00,000', ',000')]",2015,"['76,747']",['Petrol'],['Hyderabad']
383,"['Maruti', 'Suzuki']","[('4,95,000', ',000')]",2016,"['37,919']",['Petrol'],['Hyderabad']
384,"['Mahindra', 'TUV300']","[('5,90,000', ',000')]",2016,"['47,500']",['Diesel'],['Hyderabad']
385,"['Maruti', 'Suzuki']","[('3,02,400', ',400')]",2012,"['92,940']",['Petrol'],['Hyderabad']
386,"['Hyundai', 'Elite']","[('6,75,000', ',000')]",2016,"['88,110']",['Petrol'],['Hyderabad']
387,"['Maruti', 'Suzuki']","[('3,75,000', ',000')]",2014,"['24,500']",['Petrol'],['Hyderabad']
388,"['Porsche', 'Cayenne']","[('16,00,000', ',000')]",2008,"['02,000']",['Petrol'],['Hyderabad']
389,"['Hyundai', 'i10']","[('4,25,000', ',000')]",2013,"['80,624']",['Petrol'],['Hyderabad']
390,"['Mercedes-Benz', 'E-Class']","[('5,20,000', ',000')]",2008,"['95,000']",['Petrol'],['Hyderabad']
391,"['Volkswagen', 'Jetta']","[('7,90,000', ',000')]",2013,"['63,593']",['Diesel'],['Hyderabad']
392,"['Ford', 'EcoSport']","[('6,40,000', ',000')]",2014,"['73,370']",['Diesel'],['Hyderabad']
393,"['Maruti', 'Suzuki']","[('4,25,000', ',000')]",2016,"['60,330']",['Petrol'],['Hyderabad']
394,"['Kia', 'Seltos']","[('13,45,000', ',000')]",2019,"['56,172']",['Diesel'],['Hyderabad']
395,"['Maruti', 'Suzuki']","[('8,25,000', ',000')]",2018,"['67,101']",['Diesel'],['Hyderabad']
396,"['Renault', 'Kwid']","[('3,95,000', ',000')]",2018,"['55,929']",['Petrol'],['Hyderabad']
397,"['Maruti', 'Suzuki']","[('5,80,000', ',000')]",2015,"['87,210']",['Diesel'],['Hyderabad']
398,"['Renault', 'Captur']","[('10,25,000', ',000')]",2018,"['43,400']",['Diesel'],['Hyderabad']
399,"['Honda', 'Jazz']","[('6,30,000', ',000')]",2017,"['27,430']",['Petrol'],['Hyderabad']
400,"['Hyundai', 'Creta']","[('10,25,000', ',000')]",2015,"['68,500']",['Diesel'],['Hyderabad']
401,"['Hyundai', 'Grand']","[('6,50,000', ',000')]",2018,"['36,100']",['Petrol'],['Hyderabad']
402,"['Ford', 'Aspire']","[('5,40,000', ',000')]",2016,"['70,259']",['Diesel'],['Hyderabad']
403,"['Ford', 'Fiesta']","[('3,70,000', ',000')]",2014,"['75,995']",['Diesel'],['Hyderabad']
404,"['Volkswagen', 'Polo']","[('5,40,000', ',000')]",2015,"['76,390']",['Diesel'],['Hyderabad']
405,"['Maruti', 'Suzuki']","[('3,90,000', ',000')]",2014,"['50,460']",['Petrol'],['Hyderabad']
406,"['Hyundai', 'Eon']","[('2,85,000', ',000')]",2013,"['68,758']",['Petrol'],['Hyderabad']
407,"['Audi', 'A4']","[('13,00,000', ',000')]",2011,"['82,838']",['Diesel'],['Hyderabad']
408,"['Tata', 'Tiago']","[('6,32,500', ',500')]",2018,"['29,102']",['Petrol'],['Hyderabad']
409,"['Maruti', 'Suzuki']","[('3,10,500', ',500')]",2009,"['69,298']",['Petrol'],['Hyderabad']
410,"['Hyundai', 'Santro']","[('2,53,000', ',000')]",2008,"['71,954']",['Petrol'],['Hyderabad']
411,"['Maruti', 'Suzuki']","[('8,39,500', ',500')]",2016,"['53,408']",['Petrol'],['Hyderabad']
412,"['Maruti', 'Suzuki']","[('6,10,000', ',000')]",2017,"['61,439']",['Petrol'],['Hyderabad']
413,"['Maruti', 'Suzuki']","[('4,75,000', ',000')]",2017,"['49,608']",['Petrol'],['Hyderabad']
414,"['Hyundai', 'Elite']","[('7,00,000', ',000')]",2015,"['76,747']",['Petrol'],['Hyderabad']
415,"['Maruti', 'Suzuki']","[('3,95,000', ',000')]",2015,"['50,267']",['Petrol'],['Hyderabad']
416,"['Maruti', 'Suzuki']","[('3,02,400', ',400')]",2012,"['92,940']",['Petrol'],['Hyderabad']
417,"['Honda', 'CR-V']","[('17,50,000', ',000')]",2015,"['31,000']",['Petrol'],['Hyderabad']
418,"['Maruti', 'Suzuki']","[('4,40,000', ',000')]",2015,"['50,258']",['Petrol'],['Hyderabad']
419,"['Mercedes-Benz', 'AMG']","[('68,00,000', ',000')]",2021,"['1,500']",['Petrol'],['Hyderabad']
420,"['Mercedes-Benz', 'GLA']","[('69,00,000', ',000')]",2021,"['1,500']",['Petrol'],['Hyderabad']
421,"['Maruti', 'Suzuki']","[('5,85,000', ',000')]",2016,"['80,321']",['Diesel'],['Hyderabad']
422,"['BMW', 'X3']","[('7,99,000', ',000')]",2008,"['29,000']",['Petrol'],['Hyderabad']
423,"['Volkswagen', 'Jetta']","[('7,90,000', ',000')]",2013,"['63,593']",['Diesel'],['Hyderabad']
424,"['Ford', 'EcoSport']","[('6,40,000', ',000')]",2014,"['73,370']",['Diesel'],['Hyderabad']
425,"['Hyundai', 'Grand']","[('6,50,000', ',000')]",2018,"['36,100']",['Petrol'],['Hyderabad']
426,"['Hyundai', 'Eon']","[('2,85,000', ',000')]",2013,"['68,758']",['Petrol'],['Hyderabad']
427,"['Maruti', 'Suzuki']","[('3,90,000', ',000')]",2014,"['50,460']",['Petrol'],['Hyderabad']
428,"['Maruti', 'Suzuki']","[('4,25,000', ',000')]",2016,"['60,330']",['Petrol'],['Hyderabad']
429,"['Kia', 'Seltos']","[('13,45,000', ',000')]",2019,"['56,172']",['Diesel'],['Hyderabad']
430,"['Ford', 'Aspire']","[('5,40,000', ',000')]",2016,"['70,259']",['Diesel'],['Hyderabad']
431,"['Ford', 'Fiesta']","[('3,70,000', ',000')]",2014,"['75,995']",['Diesel'],['Hyderabad']
432,"['Volkswagen', 'Polo']","[('5,40,000', ',000')]",2015,"['76,390']",['Diesel'],['Hyderabad']
433,"['Honda', 'Jazz']","[('6,30,000', ',000')]",2017,"['27,430']",['Petrol'],['Hyderabad']
434,"['Hyundai', 'Creta']","[('10,25,000', ',000')]",2015,"['68,500']",['Diesel'],['Hyderabad']
435,"['Renault', 'Kwid']","[('3,95,000', ',000')]",2018,"['55,929']",['Petrol'],['Hyderabad']
436,"['Maruti', 'Suzuki']","[('8,25,000', ',000')]",2018,"['67,101']",['Diesel'],['Hyderabad']
437,"['Maruti', 'Suzuki']","[('5,80,000', ',000')]",2015,"['87,210']",['Diesel'],['Hyderabad']
438,"['Renault', 'Captur']","[('10,25,000', ',000')]",2018,"['43,400']",['Diesel'],['Hyderabad']
439,"['Audi', 'A4']","[('13,00,000', ',000')]",2011,"['82,838']",['Diesel'],['Hyderabad']
440,"['Tata', 'Tiago']","[('6,32,500', ',500')]",2018,"['29,102']",['Petrol'],['Hyderabad']
441,"['Maruti', 'Suzuki']","[('3,10,500', ',500')]",2009,"['69,298']",['Petrol'],['Hyderabad']
442,"['Maruti', 'Suzuki']","[('8,39,500', ',500')]",2016,"['53,408']",['Petrol'],['Hyderabad']
443,"['Maruti', 'Suzuki']","[('6,10,000', ',000')]",2017,"['61,439']",['Petrol'],['Hyderabad']
444,"['Hyundai', 'Elite']","[('7,00,000', ',000')]",2015,"['76,747']",['Petrol'],['Hyderabad']
445,"['Maruti', 'Suzuki']","[('4,75,000', ',000')]",2017,"['49,608']",['Petrol'],['Hyderabad']
446,"['Maruti', 'Suzuki']","[('3,22,000', ',000')]",2016,"['53,649']",['Petrol'],['Hyderabad']
447,"['Honda', 'Amaze']","[('4,65,000', ',000')]",2015,"['40,000']",['Petrol'],['Hyderabad']
448,"['Tata', 'Bolt']","[('3,00,000', ',000')]",2016,"['05,167']",['Diesel'],['Hyderabad']
449,"['Hyundai', 'Elantra']","[('15,69,000', ',000')]",2018,"['17,000']",['Petrol'],['Hyderabad']
450,"['Honda', 'CR-V']","[('17,50,000', ',000')]",2015,"['31,000']",['Petrol'],['Hyderabad']
451,"['Maruti', 'Suzuki']","[('3,95,000', ',000')]",2015,"['50,267']",['Petrol'],['Hyderabad']
452,"['Honda', 'CR-V']","[('16,50,000', ',000')]",2015,"['52,440']",['Petrol'],['Hyderabad']
453,"['Hyundai', 'Grand']","[('6,50,000', ',000')]",2018,"['36,100']",['Petrol'],['Hyderabad']
454,"['Nissan', 'Micra']","[('4,89,000', ',000')]",2016,"['31,200']",['Petrol'],['Hyderabad']
455,"['Volkswagen', 'Jetta']","[('7,90,000', ',000')]",2013,"['63,593']",['Diesel'],['Hyderabad']
456,"['Ford', 'EcoSport']","[('6,40,000', ',000')]",2014,"['73,370']",['Diesel'],['Hyderabad']
457,"['Hyundai', 'Eon']","[('2,85,000', ',000')]",2013,"['68,758']",['Petrol'],['Hyderabad']
458,"['Maruti', 'Suzuki']","[('3,90,000', ',000')]",2014,"['50,460']",['Petrol'],['Hyderabad']
459,"['Maruti', 'Suzuki']","[('4,25,000', ',000')]",2016,"['60,330']",['Petrol'],['Hyderabad']
460,"['Kia', 'Seltos']","[('13,45,000', ',000')]",2019,"['56,172']",['Diesel'],['Hyderabad']
461,"['Ford', 'Aspire']","[('5,40,000', ',000')]",2016,"['70,259']",['Diesel'],['Hyderabad']
462,"['Ford', 'Fiesta']","[('3,70,000', ',000')]",2014,"['75,995']",['Diesel'],['Hyderabad']
463,"['Volkswagen', 'Polo']","[('5,40,000', ',000')]",2015,"['76,390']",['Diesel'],['Hyderabad']
464,"['Honda', 'Jazz']","[('6,30,000', ',000')]",2017,"['27,430']",['Petrol'],['Hyderabad']
465,"['Hyundai', 'Creta']","[('10,25,000', ',000')]",2015,"['68,500']",['Diesel'],['Hyderabad']
466,"['Renault', 'Kwid']","[('3,95,000', ',000')]",2018,"['55,929']",['Petrol'],['Hyderabad']
467,"['Maruti', 'Suzuki']","[('8,25,000', ',000')]",2018,"['67,101']",['Diesel'],['Hyderabad']
468,"['Maruti', 'Suzuki']","[('5,80,000', ',000')]",2015,"['87,210']",['Diesel'],['Hyderabad']
469,"['Renault', 'Captur']","[('10,25,000', ',000')]",2018,"['43,400']",['Diesel'],['Hyderabad']
470,"['Audi', 'A4']","[('13,00,000', ',000')]",2011,"['82,838']",['Diesel'],['Hyderabad']
471,"['Tata', 'Tiago']","[('6,32,500', ',500')]",2018,"['29,102']",['Petrol'],['Hyderabad']
472,"['Maruti', 'Suzuki']","[('3,10,500', ',500')]",2009,"['69,298']",['Petrol'],['Hyderabad']
473,"['Maruti', 'Suzuki']","[('8,39,500', ',500')]",2016,"['53,408']",['Petrol'],['Hyderabad']
474,"['Maruti', 'Suzuki']","[('6,10,000', ',000')]",2017,"['61,439']",['Petrol'],['Hyderabad']
475,"['Hyundai', 'Elite']","[('7,00,000', ',000')]",2015,"['76,747']",['Petrol'],['Hyderabad']
476,"['Maruti', 'Suzuki']","[('4,75,000', ',000')]",2017,"['49,608']",['Petrol'],['Hyderabad']
477,"['Maruti', 'Suzuki']","[('3,22,000', ',000')]",2016,"['53,649']",['Petrol'],['Hyderabad']
478,"['Maruti', 'Suzuki']","[('9,07,200', ',200')]",2020,"['9,771']",['Petrol'],['Hyderabad']
479,"['Maruti', 'Suzuki']","[('3,95,000', ',000')]",2015,"['50,267']",['Petrol'],['Hyderabad']
480,"['Maruti', 'Suzuki']","[('4,95,000', ',000')]",2016,"['37,919']",['Petrol'],['Hyderabad']
481,"['Mercedes-Benz', 'C-Class']","[('11,30,000', ',000')]",2009,"['53,000']",['Petrol'],['Hyderabad']
482,"['Honda', 'CR-V']","[('16,50,000', ',000')]",2015,"['52,440']",['Petrol'],['Hyderabad']
483,"['Hyundai', 'Grand']","[('5,75,000', ',000')]",2015,"['53,470']",['Petrol'],['Hyderabad']
484,"['Maruti', 'Suzuki']","[('4,70,000', ',000')]",2015,"['12,000']",['Petrol'],['Hyderabad']
485,"['Maruti', 'Suzuki']","[('4,40,000', ',000')]",2015,"['50,258']",['Petrol'],['Hyderabad']
486,"['Volkswagen', 'Jetta']","[('7,90,000', ',000')]",2013,"['63,593']",['Diesel'],['Hyderabad']
487,"['Ford', 'EcoSport']","[('6,40,000', ',000')]",2014,"['73,370']",['Diesel'],['Hyderabad']
488,"['Hyundai', 'Grand']","[('6,50,000', ',000')]",2018,"['36,100']",['Petrol'],['Hyderabad']
489,"['Hyundai', 'Eon']","[('2,85,000', ',000')]",2013,"['68,758']",['Petrol'],['Hyderabad']
490,"['Maruti', 'Suzuki']","[('3,90,000', ',000')]",2014,"['50,460']",['Petrol'],['Hyderabad']
491,"['Maruti', 'Suzuki']","[('4,25,000', ',000')]",2016,"['60,330']",['Petrol'],['Hyderabad']
492,"['Kia', 'Seltos']","[('13,45,000', ',000')]",2019,"['56,172']",['Diesel'],['Hyderabad']
493,"['Ford', 'Aspire']","[('5,40,000', ',000')]",2016,"['70,259']",['Diesel'],['Hyderabad']
494,"['Ford', 'Fiesta']","[('3,70,000', ',000')]",2014,"['75,995']",['Diesel'],['Hyderabad']
495,"['Volkswagen', 'Polo']","[('5,40,000', ',000')]",2015,"['76,390']",['Diesel'],['Hyderabad']
496,"['Honda', 'Jazz']","[('6,30,000', ',000')]",2017,"['27,430']",['Petrol'],['Hyderabad']
497,"['Hyundai', 'Creta']","[('10,25,000', ',000')]",2015,"['68,500']",['Diesel'],['Hyderabad']
498,"['Renault', 'Kwid']","[('3,95,000', ',000')]",2018,"['55,929']",['Petrol'],['Hyderabad']
499,"['Maruti', 'Suzuki']","[('8,25,000', ',000')]",2018,"['67,101']",['Diesel'],['Hyderabad']
500,"['Maruti', 'Suzuki']","[('5,80,000', ',000')]",2015,"['87,210']",['Diesel'],['Hyderabad']
501,"['Renault', 'Captur']","[('10,25,000', ',000')]",2018,"['43,400']",['Diesel'],['Hyderabad']
502,"['Audi', 'A4']","[('13,00,000', ',000')]",2011,"['82,838']",['Diesel'],['Hyderabad']
503,"['Tata', 'Tiago']","[('6,32,500', ',500')]",2018,"['29,102']",['Petrol'],['Hyderabad']
504,"['Maruti', 'Suzuki']","[('3,10,500', ',500')]",2009,"['69,298']",['Petrol'],['Hyderabad']
505,"['Maruti', 'Suzuki']","[('8,39,500', ',500')]",2016,"['53,408']",['Petrol'],['Hyderabad']
506,"['Maruti', 'Suzuki']","[('6,10,000', ',000')]",2017,"['61,439']",['Petrol'],['Hyderabad']
507,"['Hyundai', 'Elite']","[('7,00,000', ',000')]",2015,"['76,747']",['Petrol'],['Hyderabad']
508,"['Maruti', 'Suzuki']","[('4,75,000', ',000')]",2017,"['49,608']",['Petrol'],['Hyderabad']
509,"['Maruti', 'Suzuki']","[('3,22,000', ',000')]",2016,"['53,649']",['Petrol'],['Hyderabad']
510,"['Mercedes-Benz', 'E-Class']","[('5,20,000', ',000')]",2008,"['95,000']",['Petrol'],['Hyderabad']
511,"['Maruti', 'Suzuki']","[('4,55,000', ',000')]",2015,"['57,638']",['Petrol'],['Hyderabad']
512,"['Honda', 'CR-V']","[('17,50,000', ',000')]",2015,"['31,000']",['Petrol'],['Hyderabad']
513,"['Honda', 'Amaze']","[('4,65,000', ',000')]",2015,"['40,000']",['Petrol'],['Hyderabad']
514,"['Hyundai', 'Santro']","[('4,80,000', ',000')]",2019,"['72,406']",['Petrol'],['Hyderabad']
515,"['Hyundai', 'Grand']","[('5,75,000', ',000')]",2015,"['53,470']",['Petrol'],['Hyderabad']
516,"['Honda', 'CR-V']","[('16,50,000', ',000')]",2015,"['52,440']",['Petrol'],['Hyderabad']
517,"['Mercedes-Benz', 'C-Class']","[('11,30,000', ',000')]",2009,"['53,000']",['Petrol'],['Hyderabad']
518,"['Volkswagen', 'Jetta']","[('7,90,000', ',000')]",2013,"['63,593']",['Diesel'],['Hyderabad']
519,"['Ford', 'EcoSport']","[('6,40,000', ',000')]",2014,"['73,370']",['Diesel'],['Hyderabad']
520,"['Hyundai', 'Grand']","[('6,50,000', ',000')]",2018,"['36,100']",['Petrol'],['Hyderabad']
521,"['Hyundai', 'Eon']","[('2,85,000', ',000')]",2013,"['68,758']",['Petrol'],['Hyderabad']
522,"['Maruti', 'Suzuki']","[('3,90,000', ',000')]",2014,"['50,460']",['Petrol'],['Hyderabad']
523,"['Maruti', 'Suzuki']","[('4,25,000', ',000')]",2016,"['60,330']",['Petrol'],['Hyderabad']
524,"['Kia', 'Seltos']","[('13,45,000', ',000')]",2019,"['56,172']",['Diesel'],['Hyderabad']
525,"['Ford', 'Aspire']","[('5,40,000', ',000')]",2016,"['70,259']",['Diesel'],['Hyderabad']
526,"['Ford', 'Fiesta']","[('3,70,000', ',000')]",2014,"['75,995']",['Diesel'],['Hyderabad']
527,"['Volkswagen', 'Polo']","[('5,40,000', ',000')]",2015,"['76,390']",['Diesel'],['Hyderabad']
528,"['Honda', 'Jazz']","[('6,30,000', ',000')]",2017,"['27,430']",['Petrol'],['Hyderabad']
529,"['Hyundai', 'Creta']","[('10,25,000', ',000')]",2015,"['68,500']",['Diesel'],['Hyderabad']
530,"['Renault', 'Kwid']","[('3,95,000', ',000')]",2018,"['55,929']",['Petrol'],['Hyderabad']
531,"['Maruti', 'Suzuki']","[('8,25,000', ',000')]",2018,"['67,101']",['Diesel'],['Hyderabad']
532,"['Maruti', 'Suzuki']","[('5,80,000', ',000')]",2015,"['87,210']",['Diesel'],['Hyderabad']
533,"['Renault', 'Captur']","[('10,25,000', ',000')]",2018,"['43,400']",['Diesel'],['Hyderabad']
534,"['Audi', 'A4']","[('13,00,000', ',000')]",2011,"['82,838']",['Diesel'],['Hyderabad']
535,"['Tata', 'Tiago']","[('6,32,500', ',500')]",2018,"['29,102']",['Petrol'],['Hyderabad']
536,"['Maruti', 'Suzuki']","[('3,10,500', ',500')]",2009,"['69,298']",['Petrol'],['Hyderabad']
537,"['Maruti', 'Suzuki']","[('8,39,500', ',500')]",2016,"['53,408']",['Petrol'],['Hyderabad']
538,"['Maruti', 'Suzuki']","[('6,10,000', ',000')]",2017,"['61,439']",['Petrol'],['Hyderabad']
539,"['Hyundai', 'Elite']","[('7,00,000', ',000')]",2015,"['76,747']",['Petrol'],['Hyderabad']
540,"['Maruti', 'Suzuki']","[('4,75,000', ',000')]",2017,"['49,608']",['Petrol'],['Hyderabad']
541,"['Maruti', 'Suzuki']","[('3,22,000', ',000')]",2016,"['53,649']",['Petrol'],['Hyderabad']
542,"['Hyundai', 'Elite']","[('7,00,000', ',000')]",2020,"['6,454']",['Petrol'],['Hyderabad']
543,"['Mahindra', 'TUV300']","[('5,90,000', ',000')]",2016,"['47,500']",['Diesel'],['Hyderabad']
544,"['Maruti', 'Suzuki']","[('4,40,000', ',000')]",2015,"['50,258']",['Petrol'],['Hyderabad']
545,"['Maruti', 'Suzuki']","[('3,75,000', ',000')]",2014,"['24,500']",['Petrol'],['Hyderabad']
546,"['Honda', 'Amaze']","[('4,65,000', ',000')]",2015,"['40,000']",['Petrol'],['Hyderabad']
547,"['Mercedes-Benz', 'C-Class']","[('11,30,000', ',000')]",2009,"['53,000']",['Petrol'],['Hyderabad']
548,"['Maruti', 'Suzuki']","[('4,50,000', ',000')]",2017,"['26,351']",['Petrol'],['Hyderabad']
549,"['Maruti', 'Suzuki']","[('7,25,000', ',000')]",2017,"['39,321']",['Petrol'],['Hyderabad']
550,"['Volkswagen', 'Jetta']","[('7,90,000', ',000')]",2013,"['63,593']",['Diesel'],['Hyderabad']
551,"['Ford', 'EcoSport']","[('6,40,000', ',000')]",2014,"['73,370']",['Diesel'],['Hyderabad']
552,"['Hyundai', 'Grand']","[('6,50,000', ',000')]",2018,"['36,100']",['Petrol'],['Hyderabad']
553,"['Hyundai', 'Eon']","[('2,85,000', ',000')]",2013,"['68,758']",['Petrol'],['Hyderabad']
554,"['Maruti', 'Suzuki']","[('3,90,000', ',000')]",2014,"['50,460']",['Petrol'],['Hyderabad']
555,"['Maruti', 'Suzuki']","[('4,25,000', ',000')]",2016,"['60,330']",['Petrol'],['Hyderabad']
556,"['Kia', 'Seltos']","[('13,45,000', ',000')]",2019,"['56,172']",['Diesel'],['Hyderabad']
557,"['Ford', 'Aspire']","[('5,40,000', ',000')]",2016,"['70,259']",['Diesel'],['Hyderabad']
558,"['Ford', 'Fiesta']","[('3,70,000', ',000')]",2014,"['75,995']",['Diesel'],['Hyderabad']
559,"['Volkswagen', 'Polo']","[('5,40,000', ',000')]",2015,"['76,390']",['Diesel'],['Hyderabad']
560,"['Honda', 'Jazz']","[('6,30,000', ',000')]",2017,"['27,430']",['Petrol'],['Hyderabad']
561,"['Hyundai', 'Creta']","[('10,25,000', ',000')]",2015,"['68,500']",['Diesel'],['Hyderabad']
562,"['Renault', 'Kwid']","[('3,95,000', ',000')]",2018,"['55,929']",['Petrol'],['Hyderabad']
563,"['Maruti', 'Suzuki']","[('8,25,000', ',000')]",2018,"['67,101']",['Diesel'],['Hyderabad']
564,"['Maruti', 'Suzuki']","[('5,80,000', ',000')]",2015,"['87,210']",['Diesel'],['Hyderabad']
565,"['Renault', 'Captur']","[('10,25,000', ',000')]",2018,"['43,400']",['Diesel'],['Hyderabad']
566,"['Audi', 'A4']","[('13,00,000', ',000')]",2011,"['82,838']",['Diesel'],['Hyderabad']
567,"['Tata', 'Tiago']","[('6,32,500', ',500')]",2018,"['29,102']",['Petrol'],['Hyderabad']
568,"['Maruti', 'Suzuki']","[('3,10,500', ',500')]",2009,"['69,298']",['Petrol'],['Hyderabad']
569,"['Maruti', 'Suzuki']","[('8,39,500', ',500')]",2016,"['53,408']",['Petrol'],['Hyderabad']
570,"['Maruti', 'Suzuki']","[('6,10,000', ',000')]",2017,"['61,439']",['Petrol'],['Hyderabad']
571,"['Hyundai', 'Elite']","[('7,00,000', ',000')]",2015,"['76,747']",['Petrol'],['Hyderabad']
572,"['Maruti', 'Suzuki']","[('4,75,000', ',000')]",2017,"['49,608']",['Petrol'],['Hyderabad']
573,"['Maruti', 'Suzuki']","[('3,22,000', ',000')]",2016,"['53,649']",['Petrol'],['Hyderabad']
574,"['Honda', 'CR-V']","[('16,50,000', ',000')]",2015,"['52,440']",['Petrol'],['Hyderabad']
575,"['Mercedes-Benz', 'C-Class']","[('11,30,000', ',000')]",2009,"['53,000']",['Petrol'],['Hyderabad']
576,"['Maruti', 'Suzuki']","[('3,50,000', ',000')]",2010,"['08,000']",['Petrol'],['Hyderabad']
577,"['Maruti', 'Suzuki']","[('3,75,000', ',000')]",2014,"['24,500']",['Petrol'],['Hyderabad']
578,"['Porsche', 'Cayenne']","[('16,00,000', ',000')]",2008,"['02,000']",['Petrol'],['Hyderabad']
579,"['Hyundai', 'Venue']","[('11,75,000', ',000')]",2019,"['11,000']",['Petrol'],['Hyderabad']
580,"['Toyota', 'Innova']","[('10,20,000', ',000')]",2016,"['67,000']",['Diesel'],['Hyderabad']
581,"['Skoda', 'Superb']","[('16,95,000', ',000')]",2016,"['75,000']",['Petrol'],['Hyderabad']
582,"['Volkswagen', 'Jetta']","[('7,90,000', ',000')]",2013,"['63,593']",['Diesel'],['Hyderabad']
583,"['Ford', 'EcoSport']","[('6,40,000', ',000')]",2014,"['73,370']",['Diesel'],['Hyderabad']
584,"['Maruti', 'Suzuki']","[('4,25,000', ',000')]",2016,"['60,330']",['Petrol'],['Hyderabad']
585,"['Kia', 'Seltos']","[('13,45,000', ',000')]",2019,"['56,172']",['Diesel'],['Hyderabad']
586,"['Maruti', 'Suzuki']","[('8,25,000', ',000')]",2018,"['67,101']",['Diesel'],['Hyderabad']
587,"['Renault', 'Kwid']","[('3,95,000', ',000')]",2018,"['55,929']",['Petrol'],['Hyderabad']
588,"['Maruti', 'Suzuki']","[('5,80,000', ',000')]",2015,"['87,210']",['Diesel'],['Hyderabad']
589,"['Renault', 'Captur']","[('10,25,000', ',000')]",2018,"['43,400']",['Diesel'],['Hyderabad']
590,"['Honda', 'Jazz']","[('6,30,000', ',000')]",2017,"['27,430']",['Petrol'],['Hyderabad']
591,"['Hyundai', 'Creta']","[('10,25,000', ',000')]",2015,"['68,500']",['Diesel'],['Hyderabad']
592,"['Hyundai', 'Grand']","[('6,50,000', ',000')]",2018,"['36,100']",['Petrol'],['Hyderabad']
593,"['Ford', 'Aspire']","[('5,40,000', ',000')]",2016,"['70,259']",['Diesel'],['Hyderabad']
594,"['Ford', 'Fiesta']","[('3,70,000', ',000')]",2014,"['75,995']",['Diesel'],['Hyderabad']
595,"['Volkswagen', 'Polo']","[('5,40,000', ',000')]",2015,"['76,390']",['Diesel'],['Hyderabad']
596,"['Maruti', 'Suzuki']","[('3,90,000', ',000')]",2014,"['50,460']",['Petrol'],['Hyderabad']
597,"['Hyundai', 'Eon']","[('2,85,000', ',000')]",2013,"['68,758']",['Petrol'],['Hyderabad']
598,"['Audi', 'A4']","[('13,00,000', ',000')]",2011,"['82,838']",['Diesel'],['Hyderabad']
599,"['Tata', 'Tiago']","[('6,32,500', ',500')]",2018,"['29,102']",['Petrol'],['Hyderabad']
600,"['Maruti', 'Suzuki']","[('3,10,500', ',500')]",2009,"['69,298']",['Petrol'],['Hyderabad']
601,"['Hyundai', 'Santro']","[('2,53,000', ',000')]",2008,"['71,954']",['Petrol'],['Hyderabad']
602,"['Maruti', 'Suzuki']","[('8,39,500', ',500')]",2016,"['53,408']",['Petrol'],['Hyderabad']
603,"['Maruti', 'Suzuki']","[('6,10,000', ',000')]",2017,"['61,439']",['Petrol'],['Hyderabad']
604,"['Maruti', 'Suzuki']","[('4,75,000', ',000')]",2017,"['49,608']",['Petrol'],['Hyderabad']
605,"['Hyundai', 'Elite']","[('7,00,000', ',000')]",2015,"['76,747']",['Petrol'],['Hyderabad']
606,"['Hyundai', 'Elite']","[('6,75,000', ',000')]",2016,"['88,110']",['Petrol'],['Hyderabad']
607,"['Maruti', 'Suzuki']","[('9,07,200', ',200')]",2020,"['9,771']",['Petrol'],['Hyderabad']
608,"['Mercedes-Benz', 'E-Class']","[('14,00,000', ',000')]",2011,"['13,294']",['Diesel'],['Hyderabad']
609,"['Mercedes-Benz', 'E-Class']","[('5,20,000', ',000')]",2008,"['95,000']",['Petrol'],['Hyderabad']
610,"['Maruti', 'Suzuki']","[('3,75,000', ',000')]",2014,"['24,500']",['Petrol'],['Hyderabad']
611,"['Hyundai', 'Fluidic']","[('8,30,000', ',000')]",2016,"['17,991']",['Petrol'],['Hyderabad']
612,"['Hyundai', 'Venue']","[('11,75,000', ',000')]",2019,"['11,000']",['Petrol'],['Hyderabad']
613,"['Honda', 'Amaze']","[('6,45,000', ',000')]",2018,"['47,086']",['Petrol'],['Hyderabad']
614,"['Volkswagen', 'Jetta']","[('7,90,000', ',000')]",2013,"['63,593']",['Diesel'],['Hyderabad']
615,"['Ford', 'EcoSport']","[('6,40,000', ',000')]",2014,"['73,370']",['Diesel'],['Hyderabad']
616,"['Maruti', 'Suzuki']","[('4,25,000', ',000')]",2016,"['60,330']",['Petrol'],['Hyderabad']
617,"['Kia', 'Seltos']","[('13,45,000', ',000')]",2019,"['56,172']",['Diesel'],['Hyderabad']
618,"['Maruti', 'Suzuki']","[('8,25,000', ',000')]",2018,"['67,101']",['Diesel'],['Hyderabad']
619,"['Renault', 'Kwid']","[('3,95,000', ',000')]",2018,"['55,929']",['Petrol'],['Hyderabad']
620,"['Maruti', 'Suzuki']","[('5,80,000', ',000')]",2015,"['87,210']",['Diesel'],['Hyderabad']
621,"['Renault', 'Captur']","[('10,25,000', ',000')]",2018,"['43,400']",['Diesel'],['Hyderabad']
622,"['Honda', 'Jazz']","[('6,30,000', ',000')]",2017,"['27,430']",['Petrol'],['Hyderabad']
623,"['Hyundai', 'Creta']","[('10,25,000', ',000')]",2015,"['68,500']",['Diesel'],['Hyderabad']
624,"['Hyundai', 'Grand']","[('6,50,000', ',000')]",2018,"['36,100']",['Petrol'],['Hyderabad']
625,"['Ford', 'Aspire']","[('5,40,000', ',000')]",2016,"['70,259']",['Diesel'],['Hyderabad']
626,"['Ford', 'Fiesta']","[('3,70,000', ',000')]",2014,"['75,995']",['Diesel'],['Hyderabad']
627,"['Volkswagen', 'Polo']","[('5,40,000', ',000')]",2015,"['76,390']",['Diesel'],['Hyderabad']
628,"['Maruti', 'Suzuki']","[('3,90,000', ',000')]",2014,"['50,460']",['Petrol'],['Hyderabad']
629,"['Hyundai', 'Eon']","[('2,85,000', ',000')]",2013,"['68,758']",['Petrol'],['Hyderabad']
630,"['Audi', 'A4']","[('13,00,000', ',000')]",2011,"['82,838']",['Diesel'],['Hyderabad']
631,"['Tata', 'Tiago']","[('6,32,500', ',500')]",2018,"['29,102']",['Petrol'],['Hyderabad']
632,"['Maruti', 'Suzuki']","[('3,10,500', ',500')]",2009,"['69,298']",['Petrol'],['Hyderabad']
633,"['Hyundai', 'Santro']","[('2,53,000', ',000')]",2008,"['71,954']",['Petrol'],['Hyderabad']
634,"['Maruti', 'Suzuki']","[('8,39,500', ',500')]",2016,"['53,408']",['Petrol'],['Hyderabad']
635,"['Maruti', 'Suzuki']","[('6,10,000', ',000')]",2017,"['61,439']",['Petrol'],['Hyderabad']
636,"['Maruti', 'Suzuki']","[('4,75,000', ',000')]",2017,"['49,608']",['Petrol'],['Hyderabad']
637,"['Hyundai', 'Elite']","[('7,00,000', ',000')]",2015,"['76,747']",['Petrol'],['Hyderabad']
638,"['Maruti', 'Suzuki']","[('1,50,000', ',000')]",2008,"['81,000']",['Petrol'],['Hyderabad']
639,"['Hyundai', 'Grand']","[('5,75,000', ',000')]",2015,"['53,470']",['Petrol'],['Hyderabad']
640,"['Toyota', 'Innova']","[('24,00,000', ',000')]",2019,"['50,000']",['Diesel'],['Hyderabad']
641,"['Maruti', 'Suzuki']","[('4,40,000', ',000')]",2015,"['50,258']",['Petrol'],['Hyderabad']
642,"['Audi', 'TT']","[('57,00,000', ',000')]",2019,"['4,000']",['Petrol'],['Hyderabad']
643,"['Toyota', 'Yaris']","[('9,95,000', ',000')]",2018,"['42,444']",['Petrol'],['Hyderabad']
644,"['Mahindra', 'TUV300']","[('5,90,000', ',000')]",2015,[],['Diesel'],['Hyderabad']
645,"['Hyundai', 'Venue']","[('11,75,000', ',000')]",2019,"['11,000']",['Petrol'],['Hyderabad']
646,"['Volkswagen', 'Jetta']","[('7,90,000', ',000')]",2013,"['63,593']",['Diesel'],['Hyderabad']
647,"['Ford', 'EcoSport']","[('6,40,000', ',000')]",2014,"['73,370']",['Diesel'],['Hyderabad']
648,"['Maruti', 'Suzuki']","[('4,25,000', ',000')]",2016,"['60,330']",['Petrol'],['Hyderabad']
649,"['Kia', 'Seltos']","[('13,45,000', ',000')]",2019,"['56,172']",['Diesel'],['Hyderabad']
650,"['Maruti', 'Suzuki']","[('8,25,000', ',000')]",2018,"['67,101']",['Diesel'],['Hyderabad']
651,"['Renault', 'Kwid']","[('3,95,000', ',000')]",2018,"['55,929']",['Petrol'],['Hyderabad']
652,"['Maruti', 'Suzuki']","[('5,80,000', ',000')]",2015,"['87,210']",['Diesel'],['Hyderabad']
653,"['Renault', 'Captur']","[('10,25,000', ',000')]",2018,"['43,400']",['Diesel'],['Hyderabad']
654,"['Honda', 'Jazz']","[('6,30,000', ',000')]",2017,"['27,430']",['Petrol'],['Hyderabad']
655,"['Hyundai', 'Creta']","[('10,25,000', ',000')]",2015,"['68,500']",['Diesel'],['Hyderabad']
656,"['Hyundai', 'Grand']","[('6,50,000', ',000')]",2018,"['36,100']",['Petrol'],['Hyderabad']
657,"['Ford', 'Aspire']","[('5,40,000', ',000')]",2016,"['70,259']",['Diesel'],['Hyderabad']
658,"['Ford', 'Fiesta']","[('3,70,000', ',000')]",2014,"['75,995']",['Diesel'],['Hyderabad']
659,"['Volkswagen', 'Polo']","[('5,40,000', ',000')]",2015,"['76,390']",['Diesel'],['Hyderabad']
660,"['Maruti', 'Suzuki']","[('3,90,000', ',000')]",2014,"['50,460']",['Petrol'],['Hyderabad']
661,"['Hyundai', 'Eon']","[('2,85,000', ',000')]",2013,"['68,758']",['Petrol'],['Hyderabad']
662,"['Audi', 'A4']","[('13,00,000', ',000')]",2011,"['82,838']",['Diesel'],['Hyderabad']
663,"['Tata', 'Tiago']","[('6,32,500', ',500')]",2018,"['29,102']",['Petrol'],['Hyderabad']
664,"['Maruti', 'Suzuki']","[('3,10,500', ',500')]",2009,"['69,298']",['Petrol'],['Hyderabad']
665,"['Hyundai', 'Santro']","[('2,53,000', ',000')]",2008,"['71,954']",['Petrol'],['Hyderabad']
666,"['Maruti', 'Suzuki']","[('8,39,500', ',500')]",2016,"['53,408']",['Petrol'],['Hyderabad']
667,"['Maruti', 'Suzuki']","[('6,10,000', ',000')]",2017,"['61,439']",['Petrol'],['Hyderabad']
668,"['Maruti', 'Suzuki']","[('4,75,000', ',000')]",2017,"['49,608']",['Petrol'],['Hyderabad']
669,"['Hyundai', 'Elite']","[('7,00,000', ',000')]",2015,"['76,747']",['Petrol'],['Hyderabad']
670,"['Hyundai', 'Grand']","[('5,75,000', ',000')]",2015,"['53,470']",['Petrol'],['Hyderabad']
671,"['Porsche', 'Cayenne']","[('16,00,000', ',000')]",2008,"['02,000']",['Petrol'],['Hyderabad']
672,"['Maruti', 'Suzuki']","[('4,95,000', ',000')]",2016,"['37,919']",['Petrol'],['Hyderabad']
673,"['Hyundai', 'Grand']","[('6,50,000', ',000')]",2018,"['36,100']",['Petrol'],['Hyderabad']
674,"['Hyundai', 'Elite']","[('6,75,000', ',000')]",2016,"['88,110']",['Petrol'],['Hyderabad']
675,"['Ford', 'EcoSport']","[('9,75,000', ',000')]",2018,"['47,500']",['Petrol'],['Hyderabad']
676,"['Maruti', 'Suzuki']","[('9,07,200', ',200')]",2020,"['9,771']",['Petrol'],['Hyderabad']
677,"['Maruti', 'Suzuki']","[('1,50,000', ',000')]",2008,"['81,000']",['Petrol'],['Hyderabad']
678,"['Volkswagen', 'Jetta']","[('7,90,000', ',000')]",2013,"['63,593']",['Diesel'],['Hyderabad']
679,"['Ford', 'EcoSport']","[('6,40,000', ',000')]",2014,"['73,370']",['Diesel'],['Hyderabad']
680,"['Ford', 'Aspire']","[('5,40,000', ',000')]",2016,"['70,259']",['Diesel'],['Hyderabad']
681,"['Ford', 'Fiesta']","[('3,70,000', ',000')]",2014,"['75,995']",['Diesel'],['Hyderabad']
682,"['Volkswagen', 'Polo']","[('5,40,000', ',000')]",2015,"['76,390']",['Diesel'],['Hyderabad']
683,"['Honda', 'Jazz']","[('6,30,000', ',000')]",2017,"['27,430']",['Petrol'],['Hyderabad']
684,"['Hyundai', 'Creta']","[('10,25,000', ',000')]",2015,"['68,500']",['Diesel'],['Hyderabad']
685,"['Maruti', 'Suzuki']","[('4,25,000', ',000')]",2016,"['60,330']",['Petrol'],['Hyderabad']
686,"['Kia', 'Seltos']","[('13,45,000', ',000')]",2019,"['56,172']",['Diesel'],['Hyderabad']
687,"['Maruti', 'Suzuki']","[('3,90,000', ',000')]",2014,"['50,460']",['Petrol'],['Hyderabad']
688,"['Hyundai', 'Eon']","[('2,85,000', ',000')]",2013,"['68,758']",['Petrol'],['Hyderabad']
689,"['Maruti', 'Suzuki']","[('8,25,000', ',000')]",2018,"['67,101']",['Diesel'],['Hyderabad']
690,"['Maruti', 'Suzuki']","[('5,80,000', ',000')]",2015,"['87,210']",['Diesel'],['Hyderabad']
691,"['Renault', 'Kwid']","[('3,95,000', ',000')]",2018,"['55,929']",['Petrol'],['Hyderabad']
692,"['Renault', 'Captur']","[('10,25,000', ',000')]",2018,"['43,400']",['Diesel'],['Hyderabad']
693,"['Audi', 'A4']","[('13,00,000', ',000')]",2011,"['82,838']",['Diesel'],['Hyderabad']
694,"['Tata', 'Tiago']","[('6,32,500', ',500')]",2018,"['29,102']",['Petrol'],['Hyderabad']
695,"['Maruti', 'Suzuki']","[('3,10,500', ',500')]",2009,"['69,298']",['Petrol'],['Hyderabad']
696,"['Hyundai', 'Santro']","[('2,53,000', ',000')]",2008,"['71,954']",['Petrol'],['Hyderabad']
697,"['Maruti', 'Suzuki']","[('8,39,500', ',500')]",2016,"['53,408']",['Petrol'],['Hyderabad']
698,"['Maruti', 'Suzuki']","[('6,10,000', ',000')]",2017,"['61,439']",['Petrol'],['Hyderabad']
699,"['Hyundai', 'Elite']","[('7,00,000', ',000')]",2015,"['76,747']",['Petrol'],['Hyderabad']
700,"['Maruti', 'Suzuki']","[('4,75,000', ',000')]",2017,"['49,608']",['Petrol'],['Hyderabad']
701,"['Honda', 'CR-V']","[('17,50,000', ',000')]",2015,"['31,000']",['Petrol'],['Hyderabad']
702,"['Hyundai', 'Grand']","[('6,50,000', ',000')]",2018,"['36,100']",['Petrol'],['Hyderabad']
703,"['Mahindra', 'TUV300']","[('5,90,000', ',000')]",2016,"['47,500']",['Diesel'],['Hyderabad']
704,"['Mercedes-Benz', 'AMG']","[('54,50,000', ',000')]",2021,"['1,500']",['Petrol'],['Hyderabad']
705,"['Hyundai', 'Fluidic']","[('8,30,000', ',000')]",2016,"['17,991']",['Petrol'],['Hyderabad']
706,"['Nissan', 'Teana']","[('4,75,000', ',000')]",2007,"['63,900']",['Petrol'],['Hyderabad']
707,"['Mahindra', 'TUV300']","[('5,90,000', ',000')]",2015,[],['Diesel'],['Hyderabad']
708,"['Hyundai', 'Elantra']","[('15,69,000', ',000')]",2018,"['17,000']",['Petrol'],['Hyderabad']
709,"['Volkswagen', 'Jetta']","[('7,90,000', ',000')]",2013,"['63,593']",['Diesel'],['Hyderabad']
710,"['Ford', 'EcoSport']","[('6,40,000', ',000')]",2014,"['73,370']",['Diesel'],['Hyderabad']
711,"['Ford', 'Aspire']","[('5,40,000', ',000')]",2016,"['70,259']",['Diesel'],['Hyderabad']
712,"['Ford', 'Fiesta']","[('3,70,000', ',000')]",2014,"['75,995']",['Diesel'],['Hyderabad']
713,"['Volkswagen', 'Polo']","[('5,40,000', ',000')]",2015,"['76,390']",['Diesel'],['Hyderabad']
714,"['Honda', 'Jazz']","[('6,30,000', ',000')]",2017,"['27,430']",['Petrol'],['Hyderabad']
715,"['Hyundai', 'Creta']","[('10,25,000', ',000')]",2015,"['68,500']",['Diesel'],['Hyderabad']
716,"['Maruti', 'Suzuki']","[('4,25,000', ',000')]",2016,"['60,330']",['Petrol'],['Hyderabad']
717,"['Kia', 'Seltos']","[('13,45,000', ',000')]",2019,"['56,172']",['Diesel'],['Hyderabad']
718,"['Maruti', 'Suzuki']","[('3,90,000', ',000')]",2014,"['50,460']",['Petrol'],['Hyderabad']
719,"['Hyundai', 'Eon']","[('2,85,000', ',000')]",2013,"['68,758']",['Petrol'],['Hyderabad']
720,"['Maruti', 'Suzuki']","[('8,25,000', ',000')]",2018,"['67,101']",['Diesel'],['Hyderabad']
721,"['Maruti', 'Suzuki']","[('5,80,000', ',000')]",2015,"['87,210']",['Diesel'],['Hyderabad']
722,"['Renault', 'Kwid']","[('3,95,000', ',000')]",2018,"['55,929']",['Petrol'],['Hyderabad']
723,"['Renault', 'Captur']","[('10,25,000', ',000')]",2018,"['43,400']",['Diesel'],['Hyderabad']
724,"['Audi', 'A4']","[('13,00,000', ',000')]",2011,"['82,838']",['Diesel'],['Hyderabad']
725,"['Tata', 'Tiago']","[('6,32,500', ',500')]",2018,"['29,102']",['Petrol'],['Hyderabad']
726,"['Maruti', 'Suzuki']","[('3,10,500', ',500')]",2009,"['69,298']",['Petrol'],['Hyderabad']
727,"['Hyundai', 'Santro']","[('2,53,000', ',000')]",2008,"['71,954']",['Petrol'],['Hyderabad']
728,"['Maruti', 'Suzuki']","[('8,39,500', ',500')]",2016,"['53,408']",['Petrol'],['Hyderabad']
729,"['Maruti', 'Suzuki']","[('6,10,000', ',000')]",2017,"['61,439']",['Petrol'],['Hyderabad']
730,"['Hyundai', 'Elite']","[('7,00,000', ',000')]",2015,"['76,747']",['Petrol'],['Hyderabad']
731,"['Maruti', 'Suzuki']","[('4,75,000', ',000')]",2017,"['49,608']",['Petrol'],['Hyderabad']
732,"['Mercedes-Benz', 'E-Class']","[('14,00,000', ',000')]",2011,"['13,294']",['Diesel'],['Hyderabad']
733,"['Maruti', 'Suzuki']","[('3,02,400', ',400')]",2012,"['92,940']",['Petrol'],['Hyderabad']
734,"['Maruti', 'Suzuki']","[('4,95,000', ',000')]",2016,"['37,919']",['Petrol'],['Hyderabad']
735,"['Maruti', 'Suzuki']","[('3,75,000', ',000')]",2014,"['24,500']",['Petrol'],['Hyderabad']
736,"['Ford', 'Mustang']","[('75,00,000', ',000')]",2017,"['10,000']",['Petrol'],['Hyderabad']
737,"['Honda', 'CR-V']","[('16,50,000', ',000')]",2015,"['52,440']",['Petrol'],['Hyderabad']
738,"['Datsun', 'GO']","[('3,25,000', ',000')]",2017,"['38,152']",['Petrol'],['Hyderabad']
739,"['Hyundai', 'Fluidic']","[('8,30,000', ',000')]",2016,"['17,991']",['Petrol'],['Hyderabad']
740,"['Volkswagen', 'Jetta']","[('7,90,000', ',000')]",2013,"['63,593']",['Diesel'],['Hyderabad']
741,"['Ford', 'EcoSport']","[('6,40,000', ',000')]",2014,"['73,370']",['Diesel'],['Hyderabad']
742,"['Maruti', 'Suzuki']","[('4,25,000', ',000')]",2016,"['60,330']",['Petrol'],['Hyderabad']
743,"['Kia', 'Seltos']","[('13,45,000', ',000')]",2019,"['56,172']",['Diesel'],['Hyderabad']
744,"['Maruti', 'Suzuki']","[('8,25,000', ',000')]",2018,"['67,101']",['Diesel'],['Hyderabad']
745,"['Renault', 'Kwid']","[('3,95,000', ',000')]",2018,"['55,929']",['Petrol'],['Hyderabad']
746,"['Maruti', 'Suzuki']","[('5,80,000', ',000')]",2015,"['87,210']",['Diesel'],['Hyderabad']
747,"['Renault', 'Captur']","[('10,25,000', ',000')]",2018,"['43,400']",['Diesel'],['Hyderabad']
748,"['Honda', 'Jazz']","[('6,30,000', ',000')]",2017,"['27,430']",['Petrol'],['Hyderabad']
749,"['Hyundai', 'Creta']","[('10,25,000', ',000')]",2015,"['68,500']",['Diesel'],['Hyderabad']
750,"['Hyundai', 'Grand']","[('6,50,000', ',000')]",2018,"['36,100']",['Petrol'],['Hyderabad']
751,"['Ford', 'Aspire']","[('5,40,000', ',000')]",2016,"['70,259']",['Diesel'],['Hyderabad']
752,"['Ford', 'Fiesta']","[('3,70,000', ',000')]",2014,"['75,995']",['Diesel'],['Hyderabad']
753,"['Volkswagen', 'Polo']","[('5,40,000', ',000')]",2015,"['76,390']",['Diesel'],['Hyderabad']
754,"['Maruti', 'Suzuki']","[('3,90,000', ',000')]",2014,"['50,460']",['Petrol'],['Hyderabad']
755,"['Hyundai', 'Eon']","[('2,85,000', ',000')]",2013,"['68,758']",['Petrol'],['Hyderabad']
756,"['Audi', 'A4']","[('13,00,000', ',000')]",2011,"['82,838']",['Diesel'],['Hyderabad']
757,"['Tata', 'Tiago']","[('6,32,500', ',500')]",2018,"['29,102']",['Petrol'],['Hyderabad']
758,"['Maruti', 'Suzuki']","[('3,10,500', ',500')]",2009,"['69,298']",['Petrol'],['Hyderabad']
759,"['Hyundai', 'Santro']","[('2,53,000', ',000')]",2008,"['71,954']",['Petrol'],['Hyderabad']
760,"['Maruti', 'Suzuki']","[('8,39,500', ',500')]",2016,"['53,408']",['Petrol'],['Hyderabad']
761,"['Maruti', 'Suzuki']","[('6,10,000', ',000')]",2017,"['61,439']",['Petrol'],['Hyderabad']
762,"['Maruti', 'Suzuki']","[('4,75,000', ',000')]",2017,"['49,608']",['Petrol'],['Hyderabad']
763,"['Hyundai', 'Elite']","[('7,00,000', ',000')]",2015,"['76,747']",['Petrol'],['Hyderabad']
764,"['Maruti', 'Suzuki']","[('3,02,400', ',400')]",2012,"['92,940']",['Petrol'],['Hyderabad']
765,"['Toyota', 'Yaris']","[('9,95,000', ',000')]",2018,"['42,444']",['Petrol'],['Hyderabad']
766,"['Mahindra', 'TUV300']","[('5,90,000', ',000')]",2016,"['47,500']",['Diesel'],['Hyderabad']
767,"['Mercedes-Benz', 'C-Class']","[('11,30,000', ',000')]",2009,"['53,000']",['Petrol'],['Hyderabad']
768,"['Maruti', 'Suzuki']","[('4,40,000', ',000')]",2015,"['50,258']",['Petrol'],['Hyderabad']
769,"['Mercedes-Benz', 'E-Class']","[('5,20,000', ',000')]",2008,"['95,000']",['Petrol'],['Hyderabad']
770,"['Maruti', 'Suzuki']","[('4,95,000', ',000')]",2016,"['37,919']",['Petrol'],['Hyderabad']
771,"['Ford', 'Mustang']","[('75,00,000', ',000')]",2017,"['10,000']",['Petrol'],['Hyderabad']
772,"['Volkswagen', 'Jetta']","[('7,90,000', ',000')]",2013,"['63,593']",['Diesel'],['Hyderabad']
773,"['Ford', 'EcoSport']","[('6,40,000', ',000')]",2014,"['73,370']",['Diesel'],['Hyderabad']
774,"['Ford', 'Aspire']","[('5,40,000', ',000')]",2016,"['70,259']",['Diesel'],['Hyderabad']
775,"['Ford', 'Fiesta']","[('3,70,000', ',000')]",2014,"['75,995']",['Diesel'],['Hyderabad']
776,"['Volkswagen', 'Polo']","[('5,40,000', ',000')]",2015,"['76,390']",['Diesel'],['Hyderabad']
777,"['Honda', 'Jazz']","[('6,30,000', ',000')]",2017,"['27,430']",['Petrol'],['Hyderabad']
778,"['Hyundai', 'Creta']","[('10,25,000', ',000')]",2015,"['68,500']",['Diesel'],['Hyderabad']
779,"['Maruti', 'Suzuki']","[('4,25,000', ',000')]",2016,"['60,330']",['Petrol'],['Hyderabad']
780,"['Kia', 'Seltos']","[('13,45,000', ',000')]",2019,"['56,172']",['Diesel'],['Hyderabad']
781,"['Hyundai', 'Grand']","[('6,50,000', ',000')]",2018,"['36,100']",['Petrol'],['Hyderabad']
782,"['Maruti', 'Suzuki']","[('3,90,000', ',000')]",2014,"['50,460']",['Petrol'],['Hyderabad']
783,"['Hyundai', 'Eon']","[('2,85,000', ',000')]",2013,"['68,758']",['Petrol'],['Hyderabad']
784,"['Maruti', 'Suzuki']","[('8,25,000', ',000')]",2018,"['67,101']",['Diesel'],['Hyderabad']
785,"['Maruti', 'Suzuki']","[('5,80,000', ',000')]",2015,"['87,210']",['Diesel'],['Hyderabad']
786,"['Renault', 'Kwid']","[('3,95,000', ',000')]",2018,"['55,929']",['Petrol'],['Hyderabad']
787,"['Renault', 'Captur']","[('10,25,000', ',000')]",2018,"['43,400']",['Diesel'],['Hyderabad']
788,"['Audi', 'A4']","[('13,00,000', ',000')]",2011,"['82,838']",['Diesel'],['Hyderabad']
789,"['Tata', 'Tiago']","[('6,32,500', ',500')]",2018,"['29,102']",['Petrol'],['Hyderabad']
790,"['Maruti', 'Suzuki']","[('3,10,500', ',500')]",2009,"['69,298']",['Petrol'],['Hyderabad']
791,"['Hyundai', 'Santro']","[('2,53,000', ',000')]",2008,"['71,954']",['Petrol'],['Hyderabad']
792,"['Maruti', 'Suzuki']","[('8,39,500', ',500')]",2016,"['53,408']",['Petrol'],['Hyderabad']
793,"['Maruti', 'Suzuki']","[('6,10,000', ',000')]",2017,"['61,439']",['Petrol'],['Hyderabad']
794,"['Hyundai', 'Elite']","[('7,00,000', ',000')]",2015,"['76,747']",['Petrol'],['Hyderabad']
795,"['Maruti', 'Suzuki']","[('4,75,000', ',000')]",2017,"['49,608']",['Petrol'],['Hyderabad']
796,"['Volkswagen', 'Polo']","[('8,30,000', ',000')]",2017,"['40,909']",['Petrol'],['Hyderabad']
797,"['Hyundai', 'Creta']","[('11,60,000', ',000')]",2016,"['56,785']",['Diesel'],['Hyderabad']
798,"['Land', 'Rover']","[('79,00,000', ',000')]",2018,"['39,792']",['Petrol'],['Hyderabad']
799,"['Hyundai', 'Santro']","[('1,75,000', ',000')]",2007,"['47,000']",['Petrol'],['Hyderabad']
800,"['Mercedes-Benz', 'AMG']","[('54,50,000', ',000')]",2021,"['1,500']",['Petrol'],['Hyderabad']
801,"['BMW', '7']","[('8,25,000', ',000')]",2006,"['82,000']",['Diesel'],['Hyderabad']
802,"['Honda', 'Jazz']","[('7,25,000', ',000')]",2016,"['34,000']",['Petrol'],['Hyderabad']
803,"['Hyundai', 'Fluidic']","[('8,30,000', ',000')]",2016,"['17,991']",['Petrol'],['Hyderabad']
804,"['Volkswagen', 'Jetta']","[('7,90,000', ',000')]",2013,"['63,593']",['Diesel'],['Hyderabad']
805,"['Ford', 'EcoSport']","[('6,40,000', ',000')]",2014,"['73,370']",['Diesel'],['Hyderabad']
806,"['Ford', 'Aspire']","[('5,40,000', ',000')]",2016,"['70,259']",['Diesel'],['Hyderabad']
807,"['Ford', 'Fiesta']","[('3,70,000', ',000')]",2014,"['75,995']",['Diesel'],['Hyderabad']
808,"['Volkswagen', 'Polo']","[('5,40,000', ',000')]",2015,"['76,390']",['Diesel'],['Hyderabad']
809,"['Honda', 'Jazz']","[('6,30,000', ',000')]",2017,"['27,430']",['Petrol'],['Hyderabad']
810,"['Hyundai', 'Creta']","[('10,25,000', ',000')]",2015,"['68,500']",['Diesel'],['Hyderabad']
811,"['Maruti', 'Suzuki']","[('4,25,000', ',000')]",2016,"['60,330']",['Petrol'],['Hyderabad']
812,"['Kia', 'Seltos']","[('13,45,000', ',000')]",2019,"['56,172']",['Diesel'],['Hyderabad']
813,"['Hyundai', 'Grand']","[('6,50,000', ',000')]",2018,"['36,100']",['Petrol'],['Hyderabad']
814,"['Maruti', 'Suzuki']","[('3,90,000', ',000')]",2014,"['50,460']",['Petrol'],['Hyderabad']
815,"['Hyundai', 'Eon']","[('2,85,000', ',000')]",2013,"['68,758']",['Petrol'],['Hyderabad']
816,"['Maruti', 'Suzuki']","[('8,25,000', ',000')]",2018,"['67,101']",['Diesel'],['Hyderabad']
817,"['Maruti', 'Suzuki']","[('5,80,000', ',000')]",2015,"['87,210']",['Diesel'],['Hyderabad']
818,"['Renault', 'Kwid']","[('3,95,000', ',000')]",2018,"['55,929']",['Petrol'],['Hyderabad']
819,"['Renault', 'Captur']","[('10,25,000', ',000')]",2018,"['43,400']",['Diesel'],['Hyderabad']
820,"['Audi', 'A4']","[('13,00,000', ',000')]",2011,"['82,838']",['Diesel'],['Hyderabad']
821,"['Tata', 'Tiago']","[('6,32,500', ',500')]",2018,"['29,102']",['Petrol'],['Hyderabad']
822,"['Maruti', 'Suzuki']","[('3,10,500', ',500')]",2009,"['69,298']",['Petrol'],['Hyderabad']
823,"['Hyundai', 'Santro']","[('2,53,000', ',000')]",2008,"['71,954']",['Petrol'],['Hyderabad']
824,"['Maruti', 'Suzuki']","[('8,39,500', ',500')]",2016,"['53,408']",['Petrol'],['Hyderabad']
825,"['Maruti', 'Suzuki']","[('6,10,000', ',000')]",2017,"['61,439']",['Petrol'],['Hyderabad']
826,"['Hyundai', 'Elite']","[('7,00,000', ',000')]",2015,"['76,747']",['Petrol'],['Hyderabad']
827,"['Maruti', 'Suzuki']","[('4,75,000', ',000')]",2017,"['49,608']",['Petrol'],['Hyderabad']
828,"['Maruti', 'Suzuki']","[('3,95,000', ',000')]",2015,"['50,267']",['Petrol'],['Hyderabad']
829,"['Maruti', 'Suzuki']","[('3,02,400', ',400')]",2012,"['92,940']",['Petrol'],['Hyderabad']
830,"['Hyundai', 'Getz']","[('2,50,000', ',000')]",2008,"['63,000']",['Petrol'],['Hyderabad']
831,"['Honda', 'CR-V']","[('16,50,000', ',000')]",2015,"['52,440']",['Petrol'],['Hyderabad']
832,"['Mahindra', 'TUV300']","[('5,90,000', ',000')]",2016,"['47,500']",['Diesel'],['Hyderabad']
833,"['Maruti', 'Suzuki']","[('4,95,000', ',000')]",2016,"['37,919']",['Petrol'],['Hyderabad']
834,"['Hyundai', 'Fluidic']","[('8,30,000', ',000')]",2016,"['17,991']",['Petrol'],['Hyderabad']
835,"['Volkswagen', 'Polo']","[('8,30,000', ',000')]",2017,"['40,909']",['Petrol'],['Hyderabad']
836,"['Volkswagen', 'Jetta']","[('7,90,000', ',000')]",2013,"['63,593']",['Diesel'],['Hyderabad']
837,"['Ford', 'EcoSport']","[('6,40,000', ',000')]",2014,"['73,370']",['Diesel'],['Hyderabad']
838,"['Maruti', 'Suzuki']","[('4,25,000', ',000')]",2016,"['60,330']",['Petrol'],['Hyderabad']
839,"['Kia', 'Seltos']","[('13,45,000', ',000')]",2019,"['56,172']",['Diesel'],['Hyderabad']
840,"['Maruti', 'Suzuki']","[('8,25,000', ',000')]",2018,"['67,101']",['Diesel'],['Hyderabad']
841,"['Renault', 'Kwid']","[('3,95,000', ',000')]",2018,"['55,929']",['Petrol'],['Hyderabad']
842,"['Maruti', 'Suzuki']","[('5,80,000', ',000')]",2015,"['87,210']",['Diesel'],['Hyderabad']
843,"['Renault', 'Captur']","[('10,25,000', ',000')]",2018,"['43,400']",['Diesel'],['Hyderabad']
844,"['Honda', 'Jazz']","[('6,30,000', ',000')]",2017,"['27,430']",['Petrol'],['Hyderabad']
845,"['Hyundai', 'Creta']","[('10,25,000', ',000')]",2015,"['68,500']",['Diesel'],['Hyderabad']
846,"['Hyundai', 'Grand']","[('6,50,000', ',000')]",2018,"['36,100']",['Petrol'],['Hyderabad']
847,"['Ford', 'Aspire']","[('5,40,000', ',000')]",2016,"['70,259']",['Diesel'],['Hyderabad']
848,"['Ford', 'Fiesta']","[('3,70,000', ',000')]",2014,"['75,995']",['Diesel'],['Hyderabad']
849,"['Volkswagen', 'Polo']","[('5,40,000', ',000')]",2015,"['76,390']",['Diesel'],['Hyderabad']
850,"['Maruti', 'Suzuki']","[('3,90,000', ',000')]",2014,"['50,460']",['Petrol'],['Hyderabad']
851,"['Hyundai', 'Eon']","[('2,85,000', ',000')]",2013,"['68,758']",['Petrol'],['Hyderabad']
852,"['Audi', 'A4']","[('13,00,000', ',000')]",2011,"['82,838']",['Diesel'],['Hyderabad']
853,"['Tata', 'Tiago']","[('6,32,500', ',500')]",2018,"['29,102']",['Petrol'],['Hyderabad']
854,"['Maruti', 'Suzuki']","[('3,10,500', ',500')]",2009,"['69,298']",['Petrol'],['Hyderabad']
855,"['Hyundai', 'Santro']","[('2,53,000', ',000')]",2008,"['71,954']",['Petrol'],['Hyderabad']
856,"['Maruti', 'Suzuki']","[('8,39,500', ',500')]",2016,"['53,408']",['Petrol'],['Hyderabad']
857,"['Maruti', 'Suzuki']","[('6,10,000', ',000')]",2017,"['61,439']",['Petrol'],['Hyderabad']
858,"['Maruti', 'Suzuki']","[('4,75,000', ',000')]",2017,"['49,608']",['Petrol'],['Hyderabad']
859,"['Hyundai', 'Elite']","[('7,00,000', ',000')]",2015,"['76,747']",['Petrol'],['Hyderabad']
860,"['Maruti', 'Suzuki']","[('3,02,400', ',400')]",2012,"['92,940']",['Petrol'],['Hyderabad']
861,"['Mercedes-Benz', 'C-Class']","[('11,30,000', ',000')]",2009,"['53,000']",['Petrol'],['Hyderabad']
862,"['Mahindra', 'TUV300']","[('5,90,000', ',000')]",2016,"['47,500']",['Diesel'],['Hyderabad']
863,"['Volkswagen', 'Polo']","[('8,30,000', ',000')]",2017,"['40,909']",['Petrol'],['Hyderabad']
864,"['Hyundai', 'Elite']","[('6,75,000', ',000')]",2016,"['88,110']",['Petrol'],['Hyderabad']
865,"['Mercedes-Benz', 'E-Class']","[('5,20,000', ',000')]",2008,"['95,000']",['Petrol'],['Hyderabad']
866,"['Maruti', 'Suzuki']","[('4,40,000', ',000')]",2015,"['50,258']",['Petrol'],['Hyderabad']
867,"['Audi', 'TT']","[('57,00,000', ',000')]",2019,"['4,000']",['Petrol'],['Hyderabad']
868,"['Volkswagen', 'Jetta']","[('7,90,000', ',000')]",2013,"['63,593']",['Diesel'],['Hyderabad']
869,"['Ford', 'EcoSport']","[('6,40,000', ',000')]",2014,"['73,370']",['Diesel'],['Hyderabad']
870,"['Maruti', 'Suzuki']","[('4,25,000', ',000')]",2016,"['60,330']",['Petrol'],['Hyderabad']
871,"['Kia', 'Seltos']","[('13,45,000', ',000')]",2019,"['56,172']",['Diesel'],['Hyderabad']
872,"['Maruti', 'Suzuki']","[('8,25,000', ',000')]",2018,"['67,101']",['Diesel'],['Hyderabad']
873,"['Renault', 'Kwid']","[('3,95,000', ',000')]",2018,"['55,929']",['Petrol'],['Hyderabad']
874,"['Maruti', 'Suzuki']","[('5,80,000', ',000')]",2015,"['87,210']",['Diesel'],['Hyderabad']
875,"['Renault', 'Captur']","[('10,25,000', ',000')]",2018,"['43,400']",['Diesel'],['Hyderabad']
876,"['Honda', 'Jazz']","[('6,30,000', ',000')]",2017,"['27,430']",['Petrol'],['Hyderabad']
877,"['Hyundai', 'Creta']","[('10,25,000', ',000')]",2015,"['68,500']",['Diesel'],['Hyderabad']
878,"['Hyundai', 'Grand']","[('6,50,000', ',000')]",2018,"['36,100']",['Petrol'],['Hyderabad']
879,"['Ford', 'Aspire']","[('5,40,000', ',000')]",2016,"['70,259']",['Diesel'],['Hyderabad']
880,"['Ford', 'Fiesta']","[('3,70,000', ',000')]",2014,"['75,995']",['Diesel'],['Hyderabad']
881,"['Volkswagen', 'Polo']","[('5,40,000', ',000')]",2015,"['76,390']",['Diesel'],['Hyderabad']
882,"['Maruti', 'Suzuki']","[('3,90,000', ',000')]",2014,"['50,460']",['Petrol'],['Hyderabad']
883,"['Hyundai', 'Eon']","[('2,85,000', ',000')]",2013,"['68,758']",['Petrol'],['Hyderabad']
884,"['Audi', 'A4']","[('13,00,000', ',000')]",2011,"['82,838']",['Diesel'],['Hyderabad']
885,"['Tata', 'Tiago']","[('6,32,500', ',500')]",2018,"['29,102']",['Petrol'],['Hyderabad']
886,"['Maruti', 'Suzuki']","[('3,10,500', ',500')]",2009,"['69,298']",['Petrol'],['Hyderabad']
887,"['Hyundai', 'Santro']","[('2,53,000', ',000')]",2008,"['71,954']",['Petrol'],['Hyderabad']
888,"['Maruti', 'Suzuki']","[('8,39,500', ',500')]",2016,"['53,408']",['Petrol'],['Hyderabad']
889,"['Maruti', 'Suzuki']","[('6,10,000', ',000')]",2017,"['61,439']",['Petrol'],['Hyderabad']
890,"['Maruti', 'Suzuki']","[('4,75,000', ',000')]",2017,"['49,608']",['Petrol'],['Hyderabad']
891,"['Hyundai', 'Elite']","[('7,00,000', ',000')]",2015,"['76,747']",['Petrol'],['Hyderabad']
892,"['Toyota', 'Yaris']","[('9,95,000', ',000')]",2018,"['42,444']",['Petrol'],['Hyderabad']
893,"['Volkswagen', 'Polo']","[('8,30,000', ',000')]",2017,"['40,909']",['Petrol'],['Hyderabad']
894,"['Hyundai', 'Creta']","[('11,60,000', ',000')]",2016,"['56,785']",['Diesel'],['Hyderabad']
895,"['Mahindra', 'TUV300']","[('5,90,000', ',000')]",2015,[],['Diesel'],['Hyderabad']
896,"['Maruti', 'Suzuki']","[('4,95,000', ',000')]",2016,"['37,919']",['Petrol'],['Hyderabad']
897,"['Hyundai', 'Santro']","[('2,50,000', ',000')]",2007,"['76,000']",['Petrol'],['Hyderabad']
898,"['Mercedes-Benz', 'E-Class']","[('5,20,000', ',000')]",2008,"['95,000']",['Petrol'],['Hyderabad']
899,"['BMW', 'X3']","[('7,99,000', ',000')]",2008,"['29,000']",['Petrol'],['Hyderabad']
900,"['Volkswagen', 'Jetta']","[('7,90,000', ',000')]",2013,"['63,593']",['Diesel'],['Hyderabad']
901,"['Ford', 'EcoSport']","[('6,40,000', ',000')]",2014,"['73,370']",['Diesel'],['Hyderabad']
902,"['Ford', 'Aspire']","[('5,40,000', ',000')]",2016,"['70,259']",['Diesel'],['Hyderabad']
903,"['Ford', 'Fiesta']","[('3,70,000', ',000')]",2014,"['75,995']",['Diesel'],['Hyderabad']
904,"['Volkswagen', 'Polo']","[('5,40,000', ',000')]",2015,"['76,390']",['Diesel'],['Hyderabad']
905,"['Honda', 'Jazz']","[('6,30,000', ',000')]",2017,"['27,430']",['Petrol'],['Hyderabad']
906,"['Hyundai', 'Creta']","[('10,25,000', ',000')]",2015,"['68,500']",['Diesel'],['Hyderabad']
907,"['Maruti', 'Suzuki']","[('4,25,000', ',000')]",2016,"['60,330']",['Petrol'],['Hyderabad']
908,"['Kia', 'Seltos']","[('13,45,000', ',000')]",2019,"['56,172']",['Diesel'],['Hyderabad']
909,"['Hyundai', 'Grand']","[('6,50,000', ',000')]",2018,"['36,100']",['Petrol'],['Hyderabad']
910,"['Maruti', 'Suzuki']","[('3,90,000', ',000')]",2014,"['50,460']",['Petrol'],['Hyderabad']
911,"['Hyundai', 'Eon']","[('2,85,000', ',000')]",2013,"['68,758']",['Petrol'],['Hyderabad']
912,"['Maruti', 'Suzuki']","[('8,25,000', ',000')]",2018,"['67,101']",['Diesel'],['Hyderabad']
913,"['Maruti', 'Suzuki']","[('5,80,000', ',000')]",2015,"['87,210']",['Diesel'],['Hyderabad']
914,"['Renault', 'Kwid']","[('3,95,000', ',000')]",2018,"['55,929']",['Petrol'],['Hyderabad']
915,"['Renault', 'Captur']","[('10,25,000', ',000')]",2018,"['43,400']",['Diesel'],['Hyderabad']
916,"['Audi', 'A4']","[('13,00,000', ',000')]",2011,"['82,838']",['Diesel'],['Hyderabad']
917,"['Tata', 'Tiago']","[('6,32,500', ',500')]",2018,"['29,102']",['Petrol'],['Hyderabad']
918,"['Maruti', 'Suzuki']","[('3,10,500', ',500')]",2009,"['69,298']",['Petrol'],['Hyderabad']
919,"['Hyundai', 'Santro']","[('2,53,000', ',000')]",2008,"['71,954']",['Petrol'],['Hyderabad']
920,"['Maruti', 'Suzuki']","[('8,39,500', ',500')]",2016,"['53,408']",['Petrol'],['Hyderabad']
921,"['Maruti', 'Suzuki']","[('6,10,000', ',000')]",2017,"['61,439']",['Petrol'],['Hyderabad']
922,"['Hyundai', 'Elite']","[('7,00,000', ',000')]",2015,"['76,747']",['Petrol'],['Hyderabad']
923,"['Maruti', 'Suzuki']","[('4,75,000', ',000')]",2017,"['49,608']",['Petrol'],['Hyderabad']
